firstName,lastName,email,address,city,state,zip,county,phoneNumber
Skipper,Brunner,sbrunner0@webs.com,066 Meadow Ridge Crossing,Tworków,,47-451,Poland,883-118-9498
Peyton,Stilgoe,pstilgoe1@time.com,306 Shasta Pass,General Pinedo,,3732,Argentina,320-536-0737
Vince,Henriquet,vhenriquet2@feedburner.com,06388 Kropf Court,Bečej,,,Serbia,847-802-2573
Marilyn,Brockman,mbrockman3@hhs.gov,014 Fairfield Park,Brušperk,,739 44,Czech Republic,303-508-3432
Normie,Thebeau,nthebeau4@alexa.com,80103 Westend Park,Rumphi,,,Malawi,412-321-4907
Myranda,De Bruin,mdebruin5@microsoft.com,43686 Algoma Court,Cete,Porto,4580-313,Portugal,175-169-5849
Gib,Lucien,glucien6@sun.com,6 Rutledge Circle,Tiarei,,,French Polynesia,647-892-1154
Jaymee,Dyhouse,jdyhouse7@msu.edu,68 Goodland Junction,Kafr Qūd,,,Palestinian Territory,744-203-5892
Charisse,Curdell,ccurdell8@nasa.gov,245 Loomis Terrace,Wujing,,,China,113-127-3590
Tammie,Rowbottam,trowbottam9@berkeley.edu,007 Arkansas Junction,Mthatha,,5127,South Africa,248-548-8274
Helen,Carlucci,hcarluccia@ibm.com,4975 Little Fleur Lane,Ārifwāla,,50770,Pakistan,114-227-2434
Cherish,MacCrosson,cmaccrossonb@nhs.uk,26 Chive Court,Bearna,,F93,Ireland,658-967-8200
Buck,Daffern,bdaffernc@tinyurl.com,244 Menomonie Alley,Gareba,,,Indonesia,513-515-5594
Nikki,Lilleyman,nlilleymand@merriam-webster.com,27 Northridge Road,Lanchkhuti,,,Georgia,748-398-6515
Pietro,Petric,ppetrice@skyrock.com,05 Old Shore Circle,Bel Air Rivière Sèche,,,Mauritius,834-899-9432
Fayina,Neely,fneelyf@marriott.com,73815 Ridge Oak Trail,Kíti,,,Cyprus,505-406-1000
Lynsey,Rolfi,lrolfig@newyorker.com,220 Scott Court,Upi,,1630,Philippines,792-965-7981
Junina,Lysons,jlysonsh@cbslocal.com,03654 Ludington Point,Kegeyli Shahar,,,Uzbekistan,602-946-8704
Silvan,Bern,sberni@huffingtonpost.com,8 Wayridge Avenue,San Juan de Manapiare,,,Venezuela,398-897-6287
Barrie,Lavalde,blavaldej@mlb.com,55 Pierstorff Road,Siekierczyn,,59-818,Poland,136-859-3611
Jaime,Assiter,jassiterk@businesswire.com,54625 Birchwood Trail,Amsterdam Oud Zuid en Rivierenbuurt,Provincie Noord-Holland,1079,Netherlands,538-449-2189
Nicolle,Alltimes,nalltimesl@springer.com,8 Bonner Avenue,Fontaínhas,Santarém,2300-174,Portugal,741-928-6528
Pauletta,Keri,pkerim@icio.us,7163 Warner Trail,Bailan,,5815,Philippines,239-399-5149
Jeffry,Liley,jlileyn@samsung.com,5642 Sunbrook Crossing,Lubuk Sikaping,,,Indonesia,594-853-7778
Adiana,Creaser,acreasero@last.fm,0879 Hoepker Pass,Fagatogo,,96799,American Samoa,929-710-8102
Eldin,Seydlitz,eseydlitzp@google.com,32401 South Way,Tak Bai,,96110,Thailand,244-466-5286
Aaren,Whopples,awhopplesq@addthis.com,852 Corscot Center,Zhongba,,,China,149-449-6593
Astrix,Harwood,aharwoodr@dot.gov,29 Sunnyside Alley,Kolç,,,Albania,241-368-3702
Monty,Enochsson,menochssons@vistaprint.com,267 Waywood Court,Moss,Ostfold,1536,Norway,603-485-5125
Marena,Pomphrett,mpomphrettt@google.es,2929 Havey Lane,Libiąż,,32-593,Poland,393-403-6369
Alberta,Seignior,aseignioru@ask.com,5 Di Loreto Way,Sakharovo,,613840,Russia,834-259-9946
Nydia,Leftbridge,nleftbridgev@lulu.com,6 Moland Terrace,Alacaygan,,1212,Philippines,354-932-3175
Ingeberg,Sayburn,isayburnw@bloglovin.com,0 Browning Alley,Sumberrojokrajan,,,Indonesia,600-268-7133
Charyl,Andreassen,candreassenx@vistaprint.com,0296 Hooker Drive,Umeå,Västerbotten,904 35,Sweden,404-186-6164
Barbie,Felce,bfelcey@bandcamp.com,87763 International Road,Sarmīn,,,Syria,643-518-2714
Julianna,Kamen,jkamenz@marriott.com,496 Larry Junction,Zhujiaqiao,,,China,111-710-7853
Louisa,Kleinert,lkleinert10@google.com,1891 Maywood Terrace,Yunxi,,,China,664-741-2824
Cyndi,Hing,ching11@china.com.cn,22677 Independence Pass,Zalaegerszeg,Zala,8909,Hungary,896-992-6873
Devi,Hardacre,dhardacre12@opera.com,9088 Annamark Trail,Luleå,Norrbotten,972 42,Sweden,138-509-4726
Susette,Bert,sbert13@washington.edu,2819 Dexter Court,Borovo,,7119,Bulgaria,101-508-2131
Thia,Glover,tglover14@china.com.cn,62920 Washington Crossing,Chechenglu,,,China,975-980-6571
Allyson,Laws,alaws15@hugedomains.com,880 Eastlawn Way,Hukeng,,,China,911-485-2171
Novelia,Ingliby,ningliby16@yahoo.com,45 North Pass,Zhuyang,,,China,399-342-3339
Albert,Georgeot,ageorgeot17@msn.com,7469 Tennessee Pass,Janowiec,,24-123,Poland,629-641-5112
Kalvin,Gai,kgai18@ow.ly,2629 Mendota Court,Hartford,Connecticut,06145,United States,860-322-3856
Ricky,Howieson,rhowieson19@pbs.org,8 Oneill Street,Dordrecht,Provincie Zuid-Holland,3309,Netherlands,785-628-8724
Ced,Maffetti,cmaffetti1a@ucoz.ru,29 Rieder Avenue,Desamparados,,10301,Costa Rica,255-591-1703
Susanne,Reichelt,sreichelt1b@newyorker.com,40816 Brown Point,Bechlín,,411 86,Czech Republic,688-198-4509
Shel,Gavrielli,sgavrielli1c@indiegogo.com,749 Anthes Way,Shangcai Zhongxing,,,China,707-604-9586
Ezra,Scamp,escamp1d@wufoo.com,969 Armistice Drive,San Pa Tong,,50120,Thailand,255-857-2879
Nobe,Anning,nanning1e@tinyurl.com,574 Hudson Place,Makoko,,,Nigeria,303-985-7375
Muffin,Brigden,mbrigden1f@seesaa.net,19 Randy Lane,Sosnogorsk,,169511,Russia,258-322-2757
Ranique,Jowling,rjowling1g@economist.com,6 Moland Avenue,Deqing,,,China,731-762-3460
Oralla,Friedman,ofriedman1h@mtv.com,581 Londonderry Park,Fenhe,,,China,200-994-4295
Sumner,O'Farrell,sofarrell1i@nyu.edu,0 Park Meadow Drive,Bailai,,,China,441-414-1157
Allyn,Pikhno,apikhno1j@prlog.org,58665 Golf Course Trail,Kisangani,,,Democratic Republic of the Congo,830-338-4184
Dorelia,Crippen,dcrippen1k@miitbeian.gov.cn,8241 Thierer Junction,Xinlong,,,China,218-908-0329
Richmond,Govier,rgovier1l@geocities.jp,98242 John Wall Court,Lojejerkrajan,,,Indonesia,119-649-3574
Kathrine,Vinter,kvinter1m@howstuffworks.com,1 Graceland Avenue,San José,,17004,Guatemala,726-350-1463
Evey,Chapellow,echapellow1n@discovery.com,68380 Mallard Center,Bolo,,4201,Philippines,985-672-2768
Weider,Gilmartin,wgilmartin1o@cnn.com,27695 Marquette Avenue,Yagoua,,,Cameroon,940-694-2574
Lavinie,McCumskay,lmccumskay1p@ovh.net,9 Merry Way,Kotikawatta,,10600,Sri Lanka,156-331-8270
Spike,Wank,swank1q@yelp.com,1427 Lakewood Court,Matsena,,,Nigeria,666-942-9481
Selia,Farmery,sfarmery1r@ycombinator.com,20946 Summit Alley,Pingba,,,China,305-739-9197
Justine,Allum,jallum1s@usnews.com,4 Namekagon Junction,Hägersten,Stockholm,126 36,Sweden,818-389-1256
Kamillah,Ball,kball1t@wp.com,08516 Marquette Court,Blois,Centre,41004 CEDEX,France,895-514-9755
Christie,Garrit,cgarrit1u@adobe.com,9752 Green Drive,Buarcos,Coimbra,3080-222,Portugal,313-205-9628
Frederik,Battlestone,fbattlestone1v@upenn.edu,116 Ronald Regan Place,Staré Hradiště,,533 52,Czech Republic,483-412-9781
Hamid,Petry,hpetry1w@wordpress.com,4 Delladonna Alley,Charopó,,,Greece,196-618-4806
Shel,Kinsett,skinsett1x@soundcloud.com,52413 Buhler Avenue,Xiongchi,,,China,123-829-0722
Layton,Gladeche,lgladeche1y@freewebs.com,46447 Buena Vista Road,Staroutkinsk,,623036,Russia,284-896-5999
Hattie,Babb,hbabb1z@hugedomains.com,01 1st Park,Montpellier,Languedoc-Roussillon,34038 CEDEX 1,France,876-704-2211
Fabien,Heinschke,fheinschke20@liveinternet.ru,18658 Roth Lane,Fukadale,,,Indonesia,799-426-5240
Wendye,Piquard,wpiquard21@squidoo.com,840 Pearson Lane,Villa Nueva,,01064,Guatemala,257-125-4787
Amabel,Bigmore,abigmore22@wikispaces.com,671 Fremont Crossing,Ḑubāh,,,Yemen,873-659-3508
Rad,Antonowicz,rantonowicz23@cbsnews.com,547 Twin Pines Road,Parse,,,Indonesia,825-265-0519
Sean,Zeplin,szeplin24@ucla.edu,31341 Graceland Avenue,Demak,,,Indonesia,505-291-8753
Ashli,Sprackling,asprackling25@seattletimes.com,7 Milwaukee Parkway,Monguno,,,Nigeria,661-683-9117
Sonya,Riach,sriach26@topsy.com,18645 Golden Leaf Park,Ocoyo,,,Peru,515-744-2173
Warden,Bates,wbates27@yolasite.com,63 Sauthoff Hill,Kalimeneng,,,Indonesia,813-183-3153
Sandra,Scarborough,sscarborough28@de.vu,8836 Aberg Junction,Yafran,,,Libya,957-167-8476
Gaspar,Pettingill,gpettingill29@dmoz.org,1341 Leroy Pass,Playas,,,Ecuador,761-189-1640
Alanna,Galliver,agalliver2a@miibeian.gov.cn,42882 Chive Hill,Charlemagne,Québec,J6V,Canada,123-804-9688
Gherardo,Klass,gklass2b@goo.ne.jp,83 Arapahoe Hill,Hebu,,,China,719-454-5071
Conni,Lisamore,clisamore2c@smugmug.com,2 Delladonna Plaza,Humaitá,,98670-000,Brazil,254-781-6342
Kennie,Gunbie,kgunbie2d@gravatar.com,48337 Straubel Avenue,Villa Nueva,,5903,Argentina,969-151-6308
Cleve,Acey,cacey2e@marriott.com,1960 Forster Drive,Heze,,,China,476-923-4927
Elset,Gooden,egooden2f@twitpic.com,708 Clemons Terrace,Meghrashen,,,Armenia,527-988-0744
Harlin,Purslow,hpurslow2g@toplist.cz,6 Atwood Trail,San Vicente,,6419,Philippines,561-819-0217
Cordy,Nyland,cnyland2h@scribd.com,15 Leroy Park,Roberval,Québec,G8H,Canada,791-400-1644
Tally,Streeting,tstreeting2i@vinaora.com,27 Becker Avenue,Póvoa,Aveiro,3720-029,Portugal,406-958-2399
Rudy,Calderhead,rcalderhead2j@scribd.com,2054 Oak Valley Street,Suru,,,Indonesia,518-148-2459
Thekla,Skpsey,tskpsey2k@omniture.com,77 Lawn Trail,Agboville,,,Ivory Coast,554-841-3317
Hersh,Morrell,hmorrell2l@goo.gl,458 Waubesa Road,Safonovo,,308510,Russia,499-529-0338
Madison,Blake,mblake2m@forbes.com,44582 Montana Alley,Maoshan,,,China,722-820-4608
Theodoric,Neild,tneild2n@answers.com,2288 Carioca Circle,Oelui,,,Indonesia,949-874-0763
Claybourne,Sawyers,csawyers2o@altervista.org,20 Steensland Center,Võhma,,,Estonia,886-334-2079
Hatti,Essery,hessery2p@flickr.com,61239 Golf View Pass,Comitancillo,,12004,Guatemala,164-352-2262
Caleb,Barrows,cbarrows2q@msu.edu,5 Rieder Drive,Itacoatiara,,69100-000,Brazil,623-398-9381
Marjy,Gudgion,mgudgion2r@fotki.com,1 Fieldstone Place,Sambongmulyo,,,Indonesia,904-738-6009
Bamby,Rumble,brumble2s@skype.com,4 Cardinal Terrace,Slobodskoy,,613155,Russia,948-525-1446
Sybyl,Thickins,sthickins2t@mail.ru,17915 Stang Parkway,Blangkejeren,,,Indonesia,391-934-8352
Markus,Eggleson,meggleson2u@uiuc.edu,626 American Ash Place,Corinto,,191569,Colombia,781-508-9623
Ortensia,Reiling,oreiling2v@microsoft.com,03885 Fairview Plaza,Maswarah,,,Yemen,669-476-1461
Kathryn,Doige,kdoige2w@angelfire.com,71755 Fairfield Place,Bodzentyn,,26-010,Poland,288-560-2710
Toma,Sharp,tsharp2x@myspace.com,735 2nd Parkway,Hejiadong,,,China,211-545-2479
Lindsay,Haster,lhaster2y@google.nl,50447 Tony Alley,Manorhamilton,,H16,Ireland,426-761-7781
Kevin,Berston,kberston2z@dropbox.com,7126 New Castle Terrace,Baitao,,,China,310-772-1610
Nola,Ferenczi,nferenczi30@tumblr.com,74 Towne Lane,Baisha,,,China,790-630-0290
Quentin,Philippart,qphilippart31@freewebs.com,58654 Hoepker Junction,Youyun,,,China,873-135-7076
Gerrie,Heineken,gheineken32@sitemeter.com,86791 Warner Circle,Tengqiao,,,China,460-955-7308
Olvan,Stonhouse,ostonhouse33@barnesandnoble.com,5828 Mitchell Place,Kristinehamn,Värmland,681 84,Sweden,197-478-3404
Jordon,Pluck,jpluck34@wp.com,45226 Fallview Alley,Sanandaj,,,Iran,129-794-7973
Mirabelle,Sedgemond,msedgemond35@bbb.org,1132 Park Meadow Park,Anjie,,,China,803-793-1226
Auberon,Gunther,agunther36@amazon.de,09484 Cody Junction,Yongfeng,,,China,799-523-6751
Emmye,Field,efield37@vkontakte.ru,9293 Grover Drive,Imaan,,,Indonesia,226-203-5354
Jerri,Siggery,jsiggery38@shutterfly.com,0832 Mockingbird Lane,That Phanom,,48110,Thailand,168-338-5525
Justis,Soots,jsoots39@oakley.com,3 Evergreen Drive,Yinjiacheng,,,China,929-606-9302
Costanza,Hutchison,chutchison3a@furl.net,1158 Corben Park,Erdao,,,China,757-121-1943
Ragnar,Farries,rfarries3b@gizmodo.com,841 Little Fleur Lane,Duqiong,,,China,877-941-9713
Myron,Wayper,mwayper3c@instagram.com,34 Delaware Point,Palopo,,,Indonesia,888-513-4827
Ferdie,Leahey,fleahey3d@webnode.com,20 Pepper Wood Avenue,Rāmhormoz,,,Iran,304-146-2371
Burnard,Rearie,brearie3e@independent.co.uk,8322 Acker Pass,Pongola,,3171,South Africa,925-734-7311
Desiri,Bartod,dbartod3f@omniture.com,61 Sutherland Place,Ranot,,90140,Thailand,490-645-3825
Karry,Breffitt,kbreffitt3g@com.com,8 Main Road,Planá,,348 15,Czech Republic,787-344-9980
Kailey,Sydenham,ksydenham3h@ow.ly,3364 Scott Court,Thị Trấn Thất Khê,,,Vietnam,480-445-6572
Kath,Fantin,kfantin3i@gov.uk,0725 Straubel Circle,Pakuwon,,,Indonesia,793-512-8473
Janenna,Gommowe,jgommowe3j@boston.com,944 Grim Plaza,Sosnovka,,431226,Russia,673-384-2815
Rea,Aldiss,raldiss3k@cnet.com,7694 Di Loreto Road,Shuangyang,,,China,668-293-8498
Camella,Rainton,crainton3l@blogtalkradio.com,9 Bultman Lane,Cube,,,Ecuador,492-182-3617
Ahmad,Jakes,ajakes3m@odnoklassniki.ru,149 Grasskamp Place,Lingcheng,,,China,964-952-9683
Geri,Robertz,grobertz3n@ycombinator.com,3728 Eggendart Center,Changtan,,,China,171-794-2672
Ranice,Broader,rbroader3o@archive.org,108 Jenifer Lane,Xiangquan,,,China,453-350-3879
Hazel,McLanachan,hmclanachan3p@google.it,4744 Moose Hill,Nozdrzec,,36-245,Poland,956-785-2462
Brigham,Conradie,bconradie3q@epa.gov,732 Northridge Park,Idah,,,Nigeria,675-640-4912
Meriel,Marling,mmarling3r@washington.edu,09744 Leroy Point,Verbilki,,141930,Russia,504-548-3885
Bernelle,Campe,bcampe3s@sphinn.com,8355 Declaration Pass,Tirana,,,Albania,972-514-7092
Cal,Hasker,chasker3t@feedburner.com,796 3rd Alley,Hồ Xá,,,Vietnam,562-473-4346
Towney,Doucette,tdoucette3u@vimeo.com,6 Oak Park,Wagini,,,Nigeria,182-370-3907
Derrik,Eastway,deastway3v@sitemeter.com,680 Goodland Alley,Bi’r al Ḩufayy,,,Tunisia,825-647-9429
Annaliese,Vondracek,avondracek3w@tamu.edu,82829 Hooker Point,Hadayang,,,China,639-734-9379
Jonie,Bonas,jbonas3x@google.co.uk,476 Autumn Leaf Junction,Pontang Tengah,,,Indonesia,663-560-1606
Delano,Beacom,dbeacom3y@tumblr.com,680 Walton Plaza,Boliden,Västerbotten,936 81,Sweden,866-612-8149
Rockie,Warder,rwarder3z@joomla.org,0483 3rd Pass,Kut Chap,,30430,Thailand,447-516-7496
Sallyann,Dampney,sdampney40@miitbeian.gov.cn,4 Montana Road,Geshan,,,China,986-948-6497
Cybil,Astbery,castbery41@clickbank.net,21 East Trail,Poctol,,7416,Philippines,255-168-8393
Ebenezer,Malzard,emalzard42@cdbaby.com,946 Artisan Pass,Xinjia,,,China,884-828-0079
Carlen,Grzes,cgrzes43@washingtonpost.com,017 6th Street,Nārāyanganj,,1414,Bangladesh,978-908-0580
Ralina,Cheavin,rcheavin44@123-reg.co.uk,4 Buhler Alley,Vänersborg,Västra Götaland,462 42,Sweden,129-723-3800
Hagan,Tatlowe,htatlowe45@typepad.com,93 Donald Junction,Delcevo,,2320,Macedonia,488-183-2238
Gabrila,Minmagh,gminmagh46@hibu.com,7190 Bonner Plaza,Bojonghaur,,,Indonesia,906-224-2202
Tomasina,Birbeck,tbirbeck47@gizmodo.com,1 Melody Terrace,Núi Đối,,,Vietnam,538-130-9802
Lauree,Wickersham,lwickersham48@goo.ne.jp,94551 Sunbrook Street,Pringu,,,Indonesia,308-549-4304
Madelin,Larvent,mlarvent49@slashdot.org,8 Golden Leaf Crossing,Seremban,Negeri Sembilan,70572,Malaysia,482-761-6827
Felizio,Rowan,frowan4a@vk.com,99247 Forest Junction,Oslo,Oslo,0123,Norway,480-721-3990
Claudius,Wybern,cwybern4b@mlb.com,8370 Loeprich Crossing,San Joaquin,,5024,Philippines,232-619-5549
Obediah,Kieff,okieff4c@loc.gov,532 Pierstorff Avenue,Ust’-Ulagan,,649750,Russia,174-877-8679
Derry,Idill,didill4d@craigslist.org,005 Reinke Street,Novosineglazovskiy,,456505,Russia,772-834-0326
Ginevra,Hebden,ghebden4e@nyu.edu,38818 Tennyson Terrace,Huangqi,,,China,896-814-2974
Rivy,Tonbridge,rtonbridge4f@amazon.de,90 Bay Place,Champerico,,11007,Guatemala,265-745-2930
Tatiana,Haddow,thaddow4g@blogtalkradio.com,38092 Gateway Place,Les Coteaux,Québec,J7X,Canada,100-154-7627
Petra,Mont,pmont4h@tripod.com,27266 Grayhawk Trail,Billère,Aquitaine,64145 CEDEX,France,766-104-9165
Noelyn,Antoniazzi,nantoniazzi4i@umich.edu,735 Prairieview Court,Roi Et,,45000,Thailand,521-769-0821
Lise,Keggin,lkeggin4j@pbs.org,816 3rd Street,Pocito,,6430,Argentina,182-685-0908
Hyacinthe,Crosetto,hcrosetto4k@canalblog.com,454 Badeau Road,Luotaping,,,China,438-722-7937
Cointon,Hosten,chosten4l@cafepress.com,581 Parkside Park,Vacha,,606168,Russia,227-573-1711
Lolita,Boeter,lboeter4m@ebay.com,95918 Towne Crossing,Saint-Germain-en-Laye,Île-de-France,78105 CEDEX,France,803-303-7727
Sybille,Simmons,ssimmons4n@wisc.edu,35749 Lien Alley,Habo,Jönköping,566 24,Sweden,836-285-5528
Rudolf,Dasent,rdasent4o@economist.com,14 Brown Court,Sinarbakti,,,Indonesia,298-925-8371
Constancia,Hargie,chargie4p@shareasale.com,4702 La Follette Lane,Matagami,Québec,N2M,Canada,296-847-3596
Adaline,Woollett,awoollett4q@networkadvertising.org,0796 Eastwood Plaza,Novocherkassk,,346408,Russia,717-624-9502
Egbert,Dowda,edowda4r@godaddy.com,54875 Ridge Oak Trail,Turośń Kościelna,,18-106,Poland,959-560-3159
Robbyn,Mallatratt,rmallatratt4s@vimeo.com,67 Nevada Center,San Francisco,Mexico,51016,Mexico,421-801-2408
Leoline,Whewell,lwhewell4t@baidu.com,1 Mayfield Trail,Patarrá,,10307,Costa Rica,547-966-9236
Abbey,Blinco,ablinco4u@redcross.org,0389 Cordelia Court,Dipayal,,,Nepal,809-446-4280
Alis,Betje,abetje4v@google.com.hk,54545 Bluestem Crossing,Ḑubāh,,,Yemen,175-206-2734
Lydia,Decroix,ldecroix4w@huffingtonpost.com,36 Dunning Avenue,Netanya,,,Israel,935-290-1729
Loretta,Pearse,lpearse4x@godaddy.com,107 Independence Circle,Mombaça,,63610-000,Brazil,282-449-4065
Nerte,Josefsen,njosefsen4y@ibm.com,1656 Dennis Trail,Talanga,,,Honduras,473-342-0954
Janela,Mintoft,jmintoft4z@tumblr.com,46000 Susan Parkway,Sobrosa,Porto,4580-604,Portugal,342-678-8103
Kasey,Uphill,kuphill50@youku.com,8 Thompson Court,Moshenskoye,,174450,Russia,385-689-7890
Aila,Murdy,amurdy51@t.co,61463 Stang Lane,Jacura,,,Venezuela,946-247-1069
Shawn,BURWIN,sburwin52@toplist.cz,0 Glendale Drive,Huillapima,,4726,Argentina,181-135-7064
Marita,Volant,mvolant53@noaa.gov,25 Calypso Junction,Strelitsa,,397815,Russia,193-958-1739
Bibbie,Stummeyer,bstummeyer54@washington.edu,31 Artisan Center,Iguatu,,85423-000,Brazil,724-855-1114
Gerda,Corker,gcorker55@nsw.gov.au,48232 Upham Terrace,Pingding,,,China,754-390-7299
Brit,Tapsfield,btapsfield56@godaddy.com,89 Fieldstone Hill,Malian,,,China,680-246-7856
Sephira,Baldwin,sbaldwin57@mail.ru,975 Onsgard Drive,Şurmān,,,Libya,477-263-1130
Emilia,Marley,emarley58@tamu.edu,17 Mosinee Place,Entre Rios,,89862-000,Brazil,400-426-7962
Ashton,Goodanew,agoodanew59@howstuffworks.com,0 Rieder Trail,Ol’ginka,,352840,Russia,141-549-0496
Kristien,Bohlmann,kbohlmann5a@statcounter.com,5362 Westerfield Street,Sabugueiro,Évora,7040-704,Portugal,142-802-1361
Niall,Carnson,ncarnson5b@cnet.com,0 Meadow Ridge Street,Xiabeisi,,,China,308-543-2120
Alasdair,Delacoste,adelacoste5c@blogspot.com,715 Texas Trail,Looc,,5507,Philippines,956-103-4478
Sherlock,Bootton,sbootton5d@yellowpages.com,09 Lawn Terrace,Sokółka,,16-101,Poland,452-575-9672
Cherey,Tofanini,ctofanini5e@sakura.ne.jp,3 Saint Paul Crossing,Winnica,,06-120,Poland,301-152-2135
Barron,Scapens,bscapens5f@vimeo.com,009 Pepper Wood Hill,Langkap,,,Indonesia,712-672-9307
Carol,Giraths,cgiraths5g@constantcontact.com,6 Summer Ridge Terrace,Guisijan,,5705,Philippines,100-155-6895
Rose,Drohane,rdrohane5h@yellowpages.com,1258 Nelson Crossing,Chandra,,,Comoros,851-213-1441
Britteny,Robe,brobe5i@slashdot.org,218 Sugar Plaza,Cergy-Pontoise,Île-de-France,95809 CEDEX,France,658-691-3346
Consalve,Levy,clevy5j@salon.com,78 Donald Avenue,Amagi,,891-7611,Japan,415-107-6207
Barri,Farnaby,bfarnaby5k@bbc.co.uk,77 Emmet Pass,Prelog,,40323,Croatia,610-467-0536
Etheline,Chaucer,echaucer5l@ow.ly,75342 Autumn Leaf Center,Sungai Iyu,,,Indonesia,649-881-1922
Avigdor,Blackledge,ablackledge5m@de.vu,35 Delladonna Court,Arıqıran,,,Azerbaijan,716-538-0457
Staci,Dowle,sdowle5n@epa.gov,876 Meadow Valley Junction,Ōgaki,,503-2429,Japan,387-405-8907
Regan,Halksworth,rhalksworth5o@seesaa.net,8495 Longview Park,Mozdok,,363759,Russia,565-776-8334
Shelley,Osgardby,sosgardby5p@miitbeian.gov.cn,8596 Randy Place,Magdalena,,4007,Philippines,702-883-2398
Denise,Tapley,dtapley5q@ucla.edu,944 Linden Circle,Yunxi,,,China,864-616-0090
Gladi,Thurbon,gthurbon5r@ebay.com,3 Continental Junction,Gala,,,China,195-687-5473
Hewitt,Fernao,hfernao5s@examiner.com,1747 Miller Hill,Jinchang,,,China,760-724-3191
Bernetta,Benedtti,bbenedtti5t@elegantthemes.com,5 Upham Circle,Nong Bua,,60110,Thailand,451-979-0322
Mahmud,McCafferky,mmccafferky5u@geocities.com,74 Pierstorff Pass,Belgrade,,,Serbia,445-385-9079
Cassey,Pepineaux,cpepineaux5v@google.com.au,74945 Fieldstone Way,Dula’er Ewenke Minzu,,,China,426-534-3513
Constantin,Handrek,chandrek5w@flavors.me,313 Thompson Hill,Kungshamn,Västra Götaland,456 42,Sweden,319-907-2708
Valida,Aloshkin,valoshkin5x@ezinearticles.com,7 Rigney Way,Apt,Provence-Alpes-Côte d'Azur,84404 CEDEX,France,316-850-2933
Millisent,Rozea,mrozea5y@amazon.co.uk,77 Carioca Way,Shangdian,,,China,506-493-3797
Vivien,Pegler,vpegler5z@ed.gov,302 Westridge Road,Xinli,,,China,772-825-5566
Antoni,Oakinfold,aoakinfold60@geocities.com,0 Hoffman Trail,Krasnodon,,,Ukraine,526-149-1280
Ashil,Preshous,apreshous61@plala.or.jp,46 Oneill Center,Baoxia,,,China,353-201-7365
Ellen,Burkart,eburkart62@admin.ch,0 Becker Drive,Santa Cecilia,Jalisco,48744,Mexico,543-535-3657
Bunny,Blamey,bblamey63@bizjournals.com,87 Jenifer Junction,Jianyi,,,China,914-176-3193
Phillipe,Daniells,pdaniells64@youtu.be,2 Charing Cross Lane,Cañete,,,Chile,177-644-2921
Lethia,Woolward,lwoolward65@apple.com,43638 Barby Lane,Burgeo,Newfoundland and Labrador,N9A,Canada,268-296-6420
Anatole,Chieco,achieco66@nytimes.com,0 Elgar Drive,Fontem,,,Cameroon,724-744-2637
Corbett,Asplin,casplin67@sitemeter.com,7103 Heffernan Pass,Nürnberg,Bayern,90451,Germany,704-290-7763
Crystie,Dik,cdik68@indiatimes.com,5210 Miller Avenue,Lianghe,,,China,857-412-7666
Anneliese,Spink,aspink69@163.com,959 Anhalt Park,Boa Viagem,,63870-000,Brazil,270-109-1253
Sukey,Gristock,sgristock6a@mapquest.com,8 Karstens Hill,Liutangting,,,China,985-501-6754
Bret,Musprat,bmusprat6b@studiopress.com,14528 Arizona Street,Arroio Grande,,96330-000,Brazil,654-768-6537
Legra,Beade,lbeade6c@google.co.uk,2428 American Court,Mariestad,Västra Götaland,542 95,Sweden,120-563-0590
Blair,Esgate,besgate6d@bbc.co.uk,5307 Ilene Junction,Chuanxi,,,China,828-250-5601
Brandea,Tzarkov,btzarkov6e@businessweek.com,7 Esch Trail,Chastyye,,617191,Russia,294-245-7835
Aura,Kelcey,akelcey6f@who.int,64457 Logan Plaza,Saint-Malo,Bretagne,35409 CEDEX,France,138-215-4317
Tobit,Collihole,tcollihole6g@msu.edu,4592 Emmet Hill,Atlanta,Georgia,31119,United States,770-331-2870
Nicholle,Bannester,nbannester6h@qq.com,3 Artisan Plaza,Kalmunai,,32300,Sri Lanka,678-792-6198
Eachelle,Eseler,eeseler6i@blogger.com,34654 Miller Plaza,Lincheng,,,China,875-159-8479
Lucine,Boykett,lboykett6j@slideshare.net,6451 Commercial Trail,West Jerusalem,,,Israel,215-694-5490
Keefe,Towhey,ktowhey6k@printfriendly.com,7975 Waubesa Plaza,Garupá,,3304,Argentina,440-718-0873
Desdemona,Sorrell,dsorrell6l@list-manage.com,28461 Kennedy Road,Croix,Nord-Pas-de-Calais,59961 CEDEX,France,706-362-8184
Wilmer,Bradane,wbradane6m@reddit.com,166 Golden Leaf Parkway,Bayt Ūlā,,,Palestinian Territory,812-481-5976
Sly,Djokovic,sdjokovic6n@domainmarket.com,82 Oxford Center,Saint-Étienne,Rhône-Alpes,42045 CEDEX 1,France,240-499-9564
Rhianon,Sotworth,rsotworth6o@a8.net,797 Grayhawk Junction,Useldange,,L-8708,Luxembourg,590-376-2562
Gan,Vest,gvest6p@etsy.com,97 Heffernan Park,Bilo,,,Indonesia,132-314-5955
Alberta,Starr,astarr6q@nasa.gov,22 Stephen Crossing,Slobodka,,301113,Russia,335-900-3368
Lynnet,Kliement,lkliement6r@netlog.com,0621 Anderson Way,Mhamid,,,Morocco,871-905-1980
Rebeka,Masding,rmasding6s@addthis.com,8579 Sommers Hill,Nālūt,,,Libya,409-763-7161
Cordey,Gouinlock,cgouinlock6t@ihg.com,40733 Havey Plaza,Corinto,,39200-000,Brazil,381-196-4890
Phebe,Renwick,prenwick6u@telegraph.co.uk,047 American Street,Bồng Sơn,,,Vietnam,620-976-5842
Neel,Bulbeck,nbulbeck6v@blog.com,74 Steensland Street,Cane,,,Honduras,778-601-2652
Kirby,Bruin,kbruin6w@imgur.com,74778 Bultman Lane,Cavinti,,4013,Philippines,836-128-8273
Ardath,Lanyon,alanyon6x@indiegogo.com,8 Stone Corner Parkway,Mwembe,,,Tanzania,670-969-4808
Angelica,Giacometti,agiacometti6y@businessweek.com,064 Texas Pass,Lansing,Michigan,48930,United States,517-415-6600
Staford,Denver,sdenver6z@toplist.cz,6999 Sommers Park,Boliden,Västerbotten,936 81,Sweden,703-352-4680
Chrissie,Ibbitt,cibbitt70@woothemes.com,209 Raven Way,Kota Bharu,Kelantan,15670,Malaysia,467-242-6727
Inigo,Caney,icaney71@desdev.cn,1689 Sunnyside Hill,Huangbu,,,China,467-100-5935
Dore,Kingswood,dkingswood72@hostgator.com,22729 Cody Hill,Katumba,,,Tanzania,338-252-5526
Arabele,Popland,apopland73@w3.org,10 Lien Pass,Baniachang,,3350,Bangladesh,375-649-7836
Rand,Bartot,rbartot74@utexas.edu,8 Gerald Junction,Laliki,,04-358,Poland,946-382-9358
Merv,Bamblett,mbamblett75@independent.co.uk,17 Continental Road,Berlin,Berlin,10823,Germany,991-262-5734
Zsa zsa,Levicount,zlevicount76@phoca.cz,5622 Hallows Trail,Papeete,,,French Polynesia,570-240-3166
Erskine,Shrimpling,eshrimpling77@who.int,6169 Lerdahl Point,Yishui,,,China,696-909-7266
Janette,Codeman,jcodeman78@google.com.au,4 Erie Court,Limín Khersonísou,,,Greece,214-641-6613
Garreth,Tamburo,gtamburo79@dell.com,6 Gina Trail,Banes,,,Cuba,624-261-3677
Kordula,Cafferky,kcafferky7a@salon.com,191 Spaight Court,Chenjiaba,,,China,752-944-7186
Elonore,Kelinge,ekelinge7b@time.com,73120 Stephen Center,Radymno,,37-550,Poland,847-894-5950
Hugibert,Yewman,hyewman7c@wikia.com,176 Anniversary Hill,Cincinnati,Ohio,45218,United States,513-971-5317
Koressa,Lared,klared7d@wsj.com,4996 Stoughton Lane,Wujing,,,China,612-380-6313
Laurice,Corrington,lcorrington7e@quantcast.com,124 Eastwood Alley,Metu,,,Ethiopia,512-564-0944
Sanderson,Kloser,skloser7f@nasa.gov,6080 Village Park,Dededo Village,,96928,Guam,463-190-5891
Mandie,Readman,mreadman7g@youku.com,673 Fisk Trail,Stockholm,Stockholm,102 52,Sweden,105-970-8913
Maurise,Dovington,mdovington7h@abc.net.au,1999 Rockefeller Pass,Gaoshibei,,,China,443-907-6720
Charmian,Burman,cburman7i@icq.com,66091 Luster Parkway,Kikinda,,,Serbia,267-964-5531
Maurine,Heardman,mheardman7j@goo.gl,203 Grayhawk Place,Gävle,Gävleborg,806 43,Sweden,522-115-7381
Dinny,Stickells,dstickells7k@1688.com,00 Mayer Hill,Sambirata,,,Indonesia,236-171-7670
Quillan,Whaites,qwhaites7l@princeton.edu,25 Chinook Circle,Mauloo,,,Indonesia,421-938-8219
Meryl,Grichukhin,mgrichukhin7m@house.gov,0 North Drive,Briceni,,MD-5114,Moldova,549-461-9802
Fabio,Abazi,fabazi7n@cargocollective.com,6993 Wayridge Place,Łubnice,,98-432,Poland,353-980-5298
Cherianne,Brewood,cbrewood7o@exblog.jp,6 Village Road,Mehron,,,Tajikistan,285-203-7954
Dorene,Boorn,dboorn7p@wordpress.org,47 Jana Court,Dębno,,74-400,Poland,189-317-9764
Justin,Choak,jchoak7q@netlog.com,95916 Corscot Pass,Sijiu,,,China,485-826-1350
Richmound,Wittier,rwittier7r@npr.org,86 Lyons Pass,Mirpur Khas,,28031,Pakistan,776-947-4717
Crin,Postles,cpostles7s@hugedomains.com,18 Hoffman Crossing,Tsuyama,,708-1124,Japan,180-859-5472
Dolly,Portinari,dportinari7t@nba.com,6726 Mitchell Junction,Sarov,,607189,Russia,401-106-3880
Diarmid,Waliszek,dwaliszek7u@domainmarket.com,2 Esker Crossing,Wanmao,,,China,584-130-2854
Bessy,Eloy,beloy7v@seattletimes.com,455 Norway Maple Center,Martigues,Provence-Alpes-Côte d'Azur,13503 CEDEX,France,603-990-0575
Marshall,Bester,mbester7w@exblog.jp,62 Kensington Pass,Qingshan,,,China,964-798-1031
Langsdon,Deetch,ldeetch7x@tmall.com,1208 Kinsman Trail,Russkiy,,690922,Russia,225-510-4926
Dani,Spore,dspore7y@bloglovin.com,2 Homewood Hill,Anwen,,,China,183-208-6287
Ruddie,Seneschal,rseneschal7z@usnews.com,43 Stuart Avenue,Yuncheng,,,China,351-878-4598
Merell,Clitsome,mclitsome80@amazon.co.jp,2 Reindahl Place,Mayma,,659780,Russia,340-735-2841
Karlee,Alenshev,kalenshev81@guardian.co.uk,20691 Dorton Drive,Anabar,,,Nauru,907-255-8181
Amara,MacCracken,amaccracken82@t.co,2466 Doe Crossing Place,Ma’an,,,China,669-231-3348
Galina,Kennan,gkennan83@miitbeian.gov.cn,8197 Little Fleur Junction,Wright,,6702,Philippines,106-473-9423
Obidiah,Kenright,okenright84@cnbc.com,490 Anzinger Avenue,Taraban Timur,,,Indonesia,481-754-4438
Earvin,Leverich,eleverich85@abc.net.au,21304 Elmside Parkway,Wangqinzhuang,,,China,921-409-0350
Wynn,Mugford,wmugford86@goo.gl,0949 Coleman Junction,Avignon,Provence-Alpes-Côte d'Azur,84019 CEDEX 1,France,306-304-4498
Kimmie,Grestye,kgrestye87@yolasite.com,24 Namekagon Avenue,Colorado Springs,Colorado,80930,United States,719-927-6941
Ali,Balthasar,abalthasar88@smh.com.au,4893 Mallory Court,Ketangi,,,Indonesia,407-566-4119
Bridie,Coghlan,bcoghlan89@howstuffworks.com,231 Menomonie Junction,Beigang,,,China,609-977-5387
Rebeka,Deval,rdeval8a@dell.com,943 Kings Pass,Haikoudajie,,,China,548-693-0218
Whittaker,Azam,wazam8b@mac.com,689 Quincy Junction,Jingang,,,China,648-475-1248
Bradley,Stanford,bstanford8c@tripadvisor.com,0641 Corry Park,Buray,,5020,Philippines,497-197-0861
Crawford,Claypole,cclaypole8d@tiny.cc,3 Chive Point,Maguan,,,Indonesia,750-555-2914
Gabby,Redler,gredler8e@php.net,54442 Continental Terrace,Panggunguni,,,Indonesia,830-323-9300
Jere,Petchey,jpetchey8f@smh.com.au,98070 Monica Parkway,Perpignan,Languedoc-Roussillon,66921 CEDEX,France,268-894-1465
Allys,Bewley,abewley8g@blinklist.com,005 Kipling Road,Jintao,,,China,705-926-5322
Jemmie,Allsup,jallsup8h@abc.net.au,026 Pankratz Terrace,Cucuyagua,,,Honduras,597-441-2985
Ofella,Nairne,onairne8i@trellian.com,0046 Commercial Court,Xi’an,,,China,603-132-7059
Elroy,Andreou,eandreou8j@g.co,2 Moland Street,Canala,,98813,New Caledonia,327-872-9071
Henderson,Rabl,hrabl8k@jiathis.com,7 Fisk Center,Moita,Setúbal,2860-296,Portugal,655-820-0148
Ian,Stelfax,istelfax8l@macromedia.com,93450 Eagan Street,Mangas,,,Peru,333-130-5711
Carina,Barock,cbarock8m@wix.com,1603 Kennedy Alley,Shah Alam,Selangor,40706,Malaysia,964-619-5948
Crystie,Schriren,cschriren8n@com.com,88 Maple Avenue,Alfta,Gävleborg,822 30,Sweden,768-831-5812
Alessandra,Myrtle,amyrtle8o@dmoz.org,23079 Meadow Ridge Drive,Baoxing,,,China,781-247-8806
Odo,Oldacre,ooldacre8p@bloglovin.com,154 Stoughton Place,Sogamoso,,152219,Colombia,579-524-0512
Arron,Maccrie,amaccrie8q@tmall.com,40891 Brentwood Place,Zbůch,,330 22,Czech Republic,717-678-8123
Marius,Matyja,mmatyja8r@toplist.cz,13 Thackeray Point,Vir,,1241,Slovenia,376-456-3406
Svend,Ricold,sricold8s@tinyurl.com,2151 David Point,Maleevsk,,,Kazakhstan,542-886-8835
Peadar,Osbidston,posbidston8t@meetup.com,375 Kenwood Junction,Ueda,,963-5343,Japan,170-394-3717
Jan,Tomalin,jtomalin8u@weebly.com,357 Darwin Hill,Santa Rosa de Viterbo,,14270-000,Brazil,565-609-0399
Lucas,Plaschke,lplaschke8v@uiuc.edu,7 Eggendart Court,Airmata,,,Indonesia,109-437-0085
Merrill,Gerrelt,mgerrelt8w@blogtalkradio.com,490 Hoepker Plaza,Eadestown,,A86,Ireland,648-496-6770
Lou,Vedeshkin,lvedeshkin8x@hatena.ne.jp,0650 Briar Crest Alley,Oslo,Oslo,0492,Norway,105-805-4634
Byrom,Maffini,bmaffini8y@dyndns.org,7633 Maywood Way,Ambositra,,,Madagascar,209-523-3133
Ekaterina,Episcopio,eepiscopio8z@home.pl,03669 Mayfield Hill,Ponta do Sol,,,Cape Verde,487-741-9159
Patty,Sibery,psibery90@tamu.edu,3490 Grasskamp Street,Qi’an,,,China,357-244-3726
Danya,Ruse,druse91@chron.com,4398 Lake View Avenue,Dve Mogili,,7159,Bulgaria,968-140-1017
Cindra,Jachtym,cjachtym92@mashable.com,94951 Lukken Junction,Xam Nua,,,Laos,894-777-1663
Kelly,Hanham,khanham93@wsj.com,2 Continental Circle,Tsementnozavodskiy,,460960,Russia,957-149-9604
Doralyn,Holbarrow,dholbarrow94@livejournal.com,407 Calypso Center,Asempapak,,,Indonesia,524-279-0935
Deva,Cornock,dcornock95@washington.edu,886 Hudson Parkway,Balekersukamaju,,,Indonesia,164-809-0107
Mordy,Stead,mstead96@paypal.com,9 Green Ridge Alley,Dangbigih,,,Indonesia,851-333-2502
Deana,Lillecrap,dlillecrap97@dot.gov,26739 Upham Terrace,Lishu,,,China,810-142-4000
Bucky,Brazil,bbrazil98@yellowbook.com,18 Scoville Point,Wincrange,,L-9780,Luxembourg,108-696-7603
Neil,Tunnah,ntunnah99@marketwatch.com,0445 Farwell Alley,Voorburg,Provincie Zuid-Holland,2274,Netherlands,937-777-6862
Jenine,Inglis,jinglis9a@admin.ch,84589 Sutherland Court,Miami,Florida,33147,United States,305-443-0339
Hannis,Etheridge,hetheridge9b@people.com.cn,2 Raven Plaza,Khlung,,22110,Thailand,803-526-3871
Markos,Tyt,mtyt9c@over-blog.com,8 Havey Junction,Sofrino,,403159,Russia,540-302-0477
Valera,Ollerenshaw,vollerenshaw9d@xrea.com,49112 Briar Crest Parkway,Grevená,,,Greece,646-573-7172
Lester,Swinfen,lswinfen9e@4shared.com,840 Corscot Circle,Jiamaogong,,,China,442-159-5814
Fidole,Bess,fbess9f@is.gd,83379 Hoepker Place,Yokohama,,929-0341,Japan,295-344-2004
Gal,Allery,gallery9g@goodreads.com,9830 Esker Alley,Zudun,,,China,202-857-9895
Emmey,Okill,eokill9h@com.com,84 Pankratz Alley,Đà Bắc,,,Vietnam,570-693-8291
Olly,Farfolomeev,ofarfolomeev9i@stumbleupon.com,76969 Ridgeview Crossing,Junglinster,,L-6155,Luxembourg,875-240-8985
Wally,Esseby,wesseby9j@washingtonpost.com,42 Monument Hill,Ewarton,,,Jamaica,669-774-0096
Fanni,Curwood,fcurwood9k@github.com,7593 Sloan Trail,Galatás,,,Greece,859-345-3524
Donnamarie,Scawton,dscawton9l@behance.net,1524 Sauthoff Crossing,Balung Barat,,,Indonesia,754-926-7989
Drucie,Bon,dbon9m@nhs.uk,916 Nobel Road,Tovačov,,752 01,Czech Republic,127-594-6919
Mela,De Giovanni,mdegiovanni9n@yellowpages.com,752 Mcbride Drive,Fílla,,,Greece,828-552-6738
Christabel,Snedden,csnedden9o@stumbleupon.com,4 Johnson Alley,Ambulong,,5615,Philippines,637-991-6338
Orsola,Jent,ojent9p@tiny.cc,7 Crest Line Crossing,Rustenburg,,0390,South Africa,719-118-9031
Netti,des Remedios,ndesremedios9q@mozilla.com,7 Milwaukee Trail,Cabanas,Setúbal,2950-556,Portugal,821-309-6986
Dion,Geikie,dgeikie9r@intel.com,8 Gina Plaza,Tartouss,,,Syria,593-974-8532
Benedetto,Fenners,bfenners9s@skype.com,821 Everett Trail,Gävle,Gävleborg,806 43,Sweden,513-985-0736
Pattie,Lempenny,plempenny9t@usnews.com,19420 Barnett Point,San Clemente,,,Peru,880-370-6110
Sylas,Tiery,stiery9u@soundcloud.com,5 Old Gate Trail,Mogadishu,,,Somalia,961-390-9004
Pier,Dike,pdike9v@networkadvertising.org,754 Westerfield Circle,Dūst Moḩammad Khān,,,Iran,668-303-3233
Rafe,Giovannetti,rgiovannetti9w@csmonitor.com,67350 Carioca Junction,Sesheke,,,Zambia,665-267-1955
Rodney,Say,rsay9x@wisc.edu,5691 Pawling Parkway,Tuqiao,,,China,909-392-1277
Cedric,Woodroff,cwoodroff9y@studiopress.com,2824 Reinke Crossing,Bunobogu,,,Indonesia,590-685-0154
Hoebart,Huguet,hhuguet9z@angelfire.com,5 Reinke Street,Luyang,,,China,102-268-8856
Drucy,Philpots,dphilpotsa0@bizjournals.com,6504 Old Gate Circle,Suya,,,Nigeria,747-938-7757
Lionel,Quiddihy,lquiddihya1@oakley.com,24117 Vernon Pass,Tangzang,,,China,859-435-9699
Sheri,Capon,scapona2@ask.com,4296 Arrowood Trail,Rogóźno,,86-318,Poland,230-774-4054
Armand,Joselovitch,ajoselovitcha3@vistaprint.com,84 Tennessee Hill,Cinagrog Girang,,,Indonesia,273-714-0521
Pincus,MacConnell,pmacconnella4@yahoo.com,5 Chinook Court,Głuchów,,96-130,Poland,303-472-0012
Glynda,Trendle,gtrendlea5@freewebs.com,839 Northwestern Plaza,Esposende,Braga,4740-010,Portugal,732-412-1366
Amalle,Saby,asabya6@newyorker.com,21125 Stoughton Terrace,Kożuchów,,67-120,Poland,872-280-3049
Delphine,Blemings,dblemingsa7@t-online.de,041 Tony Terrace,København,Region Hovedstaden,1420,Denmark,219-767-1246
Byran,Embra,bembraa8@lulu.com,9124 Stephen Crossing,Oslo,Oslo,1001,Norway,625-862-9581
Cordelia,Huxtable,chuxtablea9@dedecms.com,4038 Independence Hill,El Ocotón,,,Honduras,539-123-0274
Yoko,Glazer,yglazeraa@altervista.org,87 Judy Place,Providence,,,Mauritius,934-825-2593
Melodie,Sprackling,mspracklingab@europa.eu,231 Holmberg Park,Capas,,2333,Philippines,263-827-7926
Sabine,Gringley,sgringleyac@wisc.edu,1 Darwin Point,Międzyzdroje,,72-500,Poland,286-443-4688
Zeke,Lynnett,zlynnettad@virginia.edu,9 Reinke Place,Huddinge,Stockholm,141 53,Sweden,492-403-7362
Harrietta,Darcy,hdarcyae@hhs.gov,79 Blaine Center,Mesa,Arizona,85215,United States,480-233-6990
Ebeneser,Matonin,ematoninaf@ebay.co.uk,36 Lakewood Way,Saint-Péray,Rhône-Alpes,07139 CEDEX,France,429-983-7763
Art,Leebetter,aleebetterag@hugedomains.com,98134 Mendota Place,Rybarzowice,,43-378,Poland,811-837-5093
Drusilla,Beinisch,dbeinischah@cbc.ca,18 Jana Terrace,Yartsevo,,215807,Russia,608-842-2922
Roderick,Frankish,rfrankishai@oaic.gov.au,95 Kedzie Alley,Huaicheng,,,China,701-316-0379
Dwight,Pepperell,dpepperellaj@storify.com,93 Dottie Trail,Santa Justina,,4516,Philippines,485-458-8298
Arlan,Napoleone,anapoleoneak@eventbrite.com,67011 Fisk Lane,Zavitinsk,,391710,Russia,201-312-3993
Kliment,Crebott,kcrebottal@spotify.com,55080 Warbler Circle,Pelotas,,96000-000,Brazil,658-492-2097
Sergei,Capron,scapronam@youku.com,80 Summit Lane,Tasikmalaya,,,Indonesia,933-841-3608
Bryn,Myrick,bmyrickan@fotki.com,8 Manley Avenue,Houilles,Île-de-France,78804 CEDEX,France,146-907-3780
Reeta,Pantecost,rpantecostao@telegraph.co.uk,44018 Mockingbird Way,Banān,,,Syria,441-205-8142
Thorny,Schwander,tschwanderap@ucoz.ru,05 Artisan Alley,Enrekang,,,Indonesia,515-954-4185
Lea,Hedditeh,lhedditehaq@alexa.com,42196 Forster Lane,Nangabere,,,Indonesia,605-340-5745
Lev,Kleinsmuntz,lkleinsmuntzar@europa.eu,38707 Amoth Plaza,Shali,,366309,Russia,402-783-8379
Bride,Coneley,bconeleyas@gizmodo.com,0 Norway Maple Terrace,Tierra y Libertad,Coahuila De Zaragoza,27040,Mexico,336-116-9707
Lynelle,Seleway,lselewayat@seattletimes.com,553 Warrior Street,Wang Nam Yen,,27120,Thailand,318-996-5747
Slade,Craze,scrazeau@creativecommons.org,77904 Karstens Parkway,Gaoguan,,,China,270-612-7307
Kamillah,Molines,kmolinesav@alexa.com,1 Express Road,Kuala Tuha,,,Indonesia,383-813-6006
Dianna,Dimitrijevic,ddimitrijevicaw@census.gov,322 Mifflin Court,Kihniö,,39820,Finland,203-478-1430
Darryl,Spall,dspallax@indiatimes.com,4035 Nobel Street,Ezhou,,,China,908-661-7737
Tedda,Glassup,tglassupay@liveinternet.ru,847 Derek Terrace,Buliran Segundo,,3109,Philippines,399-213-7561
Nell,Broomhall,nbroomhallaz@facebook.com,6 Armistice Court,Jingjiao,,,China,657-545-2059
Brandy,Udale,budaleb0@shinystat.com,71 Hollow Ridge Center,Obollo-Afor,,,Nigeria,701-332-9084
Dillon,Kilfedder,dkilfedderb1@washingtonpost.com,80 Ridgeview Street,Kupahandap,,,Indonesia,941-112-7849
Ynez,Palatini,ypalatinib2@purevolume.com,0664 Wayridge Road,Xinheng,,,China,598-596-1693
Barbi,Surr,bsurrb3@cbslocal.com,5 Merry Road,Orekhovo-Zuyevo,,142609,Russia,382-372-7640
Franklin,Iaduccelli,fiaduccellib4@deviantart.com,88717 Shoshone Road,Hvar,,21450,Croatia,526-547-6263
Marlyn,Izen,mizenb5@edublogs.org,18 Beilfuss Circle,Salto,,2741,Argentina,127-703-0887
Ivan,Benninger,ibenningerb6@nbcnews.com,90 High Crossing Place,Shilu,,,China,632-476-0848
Con,Waghorne,cwaghorneb7@ebay.com,90017 Waubesa Crossing,Flores da Cunha,,95270-000,Brazil,997-420-0376
Dorena,Muscroft,dmuscroftb8@rambler.ru,7 Karstens Crossing,Trzciana,,36-071,Poland,969-482-4983
Mirilla,Miere,mmiereb9@ocn.ne.jp,956 Ryan Place,Amadeo,,4119,Philippines,434-457-1106
Opal,Yakobovicz,oyakoboviczba@umich.edu,080 Blackbird Park,Broshniv-Osada,,,Ukraine,354-104-0512
Carlin,Myderscough,cmyderscoughbb@yelp.com,44706 Bashford Junction,Yihe,,,China,881-651-6284
Trefor,Killgus,tkillgusbc@histats.com,580 8th Place,La Coipa,,,Peru,296-671-4691
Gonzalo,Jenoure,gjenourebd@nytimes.com,83 2nd Park,Desa Margaluyu,,,Indonesia,184-748-0268
Stephan,Heales,shealesbe@etsy.com,58169 Fisk Avenue,Wangbuzhuang,,,China,721-335-7930
Coral,Gateley,cgateleybf@cam.ac.uk,52811 Bayside Place,Moravče,,1251,Slovenia,805-247-3953
Galina,Avo,gavobg@google.it,24 Anhalt Hill,Xianrendu,,,China,290-509-1860
Paten,Iredale,piredalebh@huffingtonpost.com,87 Continental Trail,Yongyang,,,China,107-510-2918
Caryn,Botte,cbottebi@cloudflare.com,6 La Follette Terrace,Berea,,4362,South Africa,215-114-8498
Cyril,Kienzle,ckienzlebj@webeden.co.uk,0460 Lighthouse Bay Circle,Leuwidamar,,,Indonesia,244-793-9360
Lonny,Luigi,lluigibk@t.co,01 Riverside Avenue,Magoúla,,,Greece,324-444-1774
Mag,Kolakowski,mkolakowskibl@marketwatch.com,2309 Stuart Parkway,Birzai,,41062,Lithuania,392-512-7509
Minnie,Blanking,mblankingbm@amazon.com,516 Thierer Lane,Eisen,,,South Korea,408-173-0671
Rheba,Swinglehurst,rswinglehurstbn@chron.com,80760 John Wall Crossing,Trang,,30110,Thailand,749-951-6630
Gustaf,Savage,gsavagebo@oracle.com,39 Pankratz Point,Eqbālīyeh,,,Iran,888-813-9317
Konstanze,Casine,kcasinebp@wiley.com,8 Jenna Crossing,Thị Trấn Tân Yên,,,Vietnam,795-646-0457
Dusty,Lesurf,dlesurfbq@reddit.com,9 Moulton Crossing,San Juan del Surutú,,,Bolivia,847-615-0453
Denni,Bliven,dblivenbr@webmd.com,6326 Mcbride Street,Tekstil’shchiki,,678126,Russia,152-200-5404
Manuel,Turfrey,mturfreybs@mac.com,40012 Buena Vista Avenue,Kebonan,,,Indonesia,217-621-5277
Brenna,Mocker,bmockerbt@ycombinator.com,8 Dawn Circle,Krajan,,,Indonesia,716-502-3044
Ninette,Archibald,narchibaldbu@opera.com,13 Beilfuss Parkway,Huangjin,,,China,907-308-1551
Jewel,Pattie,jpattiebv@upenn.edu,463 Comanche Terrace,Sirnaresmi,,,Indonesia,119-392-3877
Beck,Bellin,bbellinbw@liveinternet.ru,243 Florence Court,Shushi,,,Azerbaijan,232-877-5613
Radcliffe,Ashlin,rashlinbx@bizjournals.com,4906 Delladonna Pass,Selat,,,Indonesia,931-856-0028
Johannah,Hammer,jhammerby@angelfire.com,94 Southridge Pass,Yangsi,,,China,288-498-0909
Ranna,McCoish,rmccoishbz@clickbank.net,90648 Elmside Parkway,Ixopo,,1980,South Africa,215-179-9751
Tova,Folliss,tfollissc0@shop-pro.jp,5 Dakota Street,Cisaat,,,Indonesia,386-549-8319
Cristobal,Allwright,callwrightc1@lulu.com,5186 Hanson Junction,Mizusawa,,999-7542,Japan,538-780-9130
Brody,Plank,bplankc2@mit.edu,5219 Lyons Court,Rambatan,,,Indonesia,807-935-7571
Starr,O'Halleghane,sohalleghanec3@quantcast.com,2 Barby Lane,Maluanluan,,5207,Philippines,866-998-1870
Maison,Rubinlicht,mrubinlichtc4@xing.com,6452 Algoma Point,Rouen,Haute-Normandie,76040 CEDEX,France,682-653-4872
Corty,Lambertini,clambertinic5@usnews.com,2010 Pennsylvania Road,Fuzhuang,,,China,291-543-7736
Goldi,Sepey,gsepeyc6@pbs.org,10 Hoepker Drive,Changshengqiao,,,China,987-645-4466
Hortense,Dalmon,hdalmonc7@geocities.com,70 Jenna Point,Elele,,,Nigeria,745-908-9128
Derril,Desmond,ddesmondc8@istockphoto.com,55309 Canary Crossing,Luftinjë,,,Albania,581-238-3021
Horatio,Strickett,hstrickettc9@squarespace.com,86570 Blue Bill Park Trail,Bantar Tengah,,,Indonesia,444-889-3116
Clerkclaude,Mandifield,cmandifieldca@wisc.edu,4 Stang Point,Gaoxing,,,China,555-444-6837
Suzette,Givens,sgivenscb@statcounter.com,1 Claremont Lane,Mbocayaty,,,Paraguay,160-326-6314
Kiel,Prozescky,kprozesckycc@booking.com,418 Old Shore Lane,Xiaowuzhan,,,China,156-598-8997
Gilberto,Withams,gwithamscd@hibu.com,864 Bayside Junction,Lampari,,1101,Philippines,517-254-7361
Hank,Clemendet,hclemendetce@sina.com.cn,42 Morrow Circle,Bolyarovo,,8736,Bulgaria,312-280-7102
Richardo,Swainsbury,rswainsburycf@studiopress.com,13460 Prairieview Terrace,Teberda,,397608,Russia,408-893-7936
Charla,Slimming,cslimmingcg@wunderground.com,520 Badeau Junction,Liukou,,,China,259-274-6638
Portie,Corringham,pcorringhamch@yelp.com,64390 Hoffman Crossing,Huwan,,,China,975-338-1039
Joshua,Rideout,jrideoutci@sakura.ne.jp,29 Harper Place,Batambak,,,Indonesia,340-665-3102
Kelsy,O'Sherrin,kosherrincj@cbslocal.com,3 Loeprich Court,Yangdu,,,China,567-235-6578
Chanda,Raylton,crayltonck@marketwatch.com,8296 Mitchell Road,Rio,Porto,4615-424,Portugal,873-599-0196
Ellie,Barnby,ebarnbycl@soup.io,9 Claremont Terrace,Järfälla,Stockholm,176 71,Sweden,979-692-4260
Luciano,Gilding,lgildingcm@weibo.com,88 International Place,Hvar,,21450,Croatia,976-741-3353
Gilles,Cady,gcadycn@dailymail.co.uk,3 Cottonwood Place,Hanbin,,,China,528-612-6580
Dion,Oleshunin,doleshuninco@stumbleupon.com,04 Sachtjen Road,Gaptsakh,,391625,Russia,361-142-0880
Addia,Loddon,aloddoncp@wufoo.com,67464 Gulseth Parkway,Kokop,,,Indonesia,543-827-2624
Maximilianus,Tye,mtyecq@spotify.com,44301 Center Circle,Nova Era,,35920-000,Brazil,775-954-7539
Sayres,Littell,slittellcr@scribd.com,0 Bluestem Plaza,Candelaria,,4323,Philippines,370-644-6249
Leigh,Meneghelli,lmeneghellics@jimdo.com,16569 Scoville Street,Egvekinot,,461173,Russia,121-552-7482
Lorenzo,Cordel,lcordelct@twitpic.com,4 Vermont Park,Kalnibolotskaya,,663019,Russia,217-556-9912
Lay,Lerwill,llerwillcu@google.co.uk,4 Burrows Alley,Stari Grad,,21460,Croatia,293-765-2188
Natalie,Caherny,ncahernycv@geocities.jp,59103 Veith Alley,Machico,Ilha da Madeira,9200-088,Portugal,857-911-3878
Nerty,Hurlin,nhurlincw@dmoz.org,4 New Castle Park,Fontinha,Coimbra,3060-323,Portugal,336-524-3491
Corissa,Haryngton,charyngtoncx@tuttocitta.it,67149 Fallview Point,Jiaozuo,,,China,361-545-1689
Chris,Baiyle,cbaiylecy@ca.gov,8 Pawling Court,Estarreja,Aveiro,3860-205,Portugal,765-701-2873
Anthony,Raithbie,araithbiecz@uiuc.edu,93256 Eagle Crest Road,Janów,,42-253,Poland,802-840-6786
Liuka,Stainburn,lstainburnd0@ucoz.com,65109 Luster Terrace,Enschede,Provincie Overijssel,7509,Netherlands,774-540-5388
Benedetta,Mila,bmilad1@pen.io,165 Scofield Circle,Musina,,5122,South Africa,550-963-9522
Nev,Tyrone,ntyroned2@timesonline.co.uk,67308 Briar Crest Road,Cova Figueira,,,Cape Verde,528-333-2798
Audrey,Burdess,aburdessd3@blog.com,305 Bayside Road,Reguengos de Monsaraz,Évora,7200-252,Portugal,516-680-5140
Boothe,Gumery,bgumeryd4@nps.gov,83680 Dwight Way,Lesuhe,,,China,328-569-6147
Dana,Devitt,ddevittd5@msn.com,11337 East Court,Piasek,,43-211,Poland,903-491-3948
Briny,Mensler,bmenslerd6@seattletimes.com,64461 Portage Place,Calibungan,,2312,Philippines,981-616-1684
Idalina,Beedon,ibeedond7@umn.edu,01 Sunfield Pass,Aquitania,,152429,Colombia,327-839-7070
Anne,Bour,abourd8@cnet.com,82856 Sycamore Lane,Wuyao,,,China,508-548-2877
Alard,Corness,acornessd9@privacy.gov.au,00 Dwight Place,Vília,,,Greece,677-230-6904
Kristofor,Valiant,kvaliantda@google.co.uk,75451 Daystar Plaza,Barreiro,Vila Real,5030-049,Portugal,753-797-0377
Truda,McNeilley,tmcneilleydb@yellowbook.com,81600 Merrick Place,Suru,,,Indonesia,575-380-0341
Livvyy,Viel,lvieldc@boston.com,557 Alpine Road,Xiahong,,,China,794-130-1939
Marcel,Perkinson,mperkinsondd@dot.gov,59848 Killdeer Crossing,San Jose,Guerrero,39266,Mexico,830-153-1468
Lucas,Stent,lstentde@posterous.com,90855 Mendota Alley,San Emilio,,2722,Philippines,187-974-7864
Jerrold,Upstell,jupstelldf@weibo.com,087 Macpherson Hill,Washington,District of Columbia,20436,United States,202-742-6326
Hulda,Minall,hminalldg@cornell.edu,6 Waubesa Way,Sịa,,,Vietnam,446-382-9945
Barney,Pringer,bpringerdh@issuu.com,77 Scoville Junction,Khuan Don,,48150,Thailand,445-785-7725
Ivar,Lintin,ilintindi@harvard.edu,0273 Fordem Circle,Ban Khok,,53180,Thailand,180-728-3726
Ketti,Levermore,klevermoredj@scientificamerican.com,43 Doe Crossing Alley,Kota Kinabalu,Sabah,88512,Malaysia,398-302-2962
Ted,Bidewell,tbidewelldk@cbsnews.com,7935 Ridge Oak Terrace,Negara,,,Indonesia,723-356-1290
Alissa,Mildenhall,amildenhalldl@gizmodo.com,2751 Pleasure Hill,Fengcheng,,,China,870-511-5455
Odella,Greenhead,ogreenheaddm@umn.edu,4 Grasskamp Terrace,Ban Thai Tan,,14000,Thailand,118-189-7843
Corby,Eames,ceamesdn@fastcompany.com,30 Banding Circle,Miramichi,New Brunswick,L7G,Canada,890-886-9319
Mahmoud,Turmel,mturmeldo@ehow.com,445 Westport Place,Dusun Tengah Cihaurbeuti,,,Indonesia,202-760-9819
Paige,Hullah,phullahdp@wikimedia.org,9610 Burrows Point,Tampocon,,6210,Philippines,359-676-4743
Basil,Louw,blouwdq@zimbio.com,0 Bartillon Center,Itupiranga,,68580-000,Brazil,725-306-2550
Stace,Guillot,sguillotdr@cisco.com,2405 American Center,Guaraciaba do Norte,,62380-000,Brazil,550-783-5443
Ermin,Hurdle,ehurdleds@blogspot.com,0615 Cottonwood Place,Vis,,21480,Croatia,268-243-3056
Wilburt,Egdell,wegdelldt@wisc.edu,28 Johnson Plaza,Nanhu,,,China,794-699-4999
Mattias,MacCoveney,mmaccoveneydu@dyndns.org,6 Derek Circle,Hengdaohezi,,,China,623-556-0917
Norry,De Souza,ndesouzadv@hatena.ne.jp,5 Golf View Road,Kaniv,,,Ukraine,923-262-4279
Katusha,Grigoire,kgrigoiredw@dmoz.org,80199 Canary Parkway,Aykhal,,623506,Russia,592-367-9028
Felipa,Bonas,fbonasdx@fc2.com,69571 Schlimgen Trail,Daxing,,,China,189-428-4746
Stewart,Stratten,sstrattendy@psu.edu,500 Jana Center,Krajan,,,Indonesia,465-306-4990
Lynna,Lethebridge,llethebridgedz@zimbio.com,37669 Talisman Plaza,Slavonice,,378 81,Czech Republic,791-758-1148
Nonah,Gradley,ngradleye0@webmd.com,48240 Briar Crest Park,Calceta,,,Ecuador,522-337-7074
Truda,Hernik,thernike1@prlog.org,5 David Avenue,Baiyanghe,,,China,989-476-3160
Rodge,Bentall,rbentalle2@quantcast.com,8 Scoville Road,Askeaton,,P51,Ireland,388-193-2465
Gun,Tsarovic,gtsarovice3@sfgate.com,958 Nova Junction,Štěnovice,,332 09,Czech Republic,354-746-9901
Una,Kanzler,ukanzlere4@dyndns.org,8 Village Green Junction,Baytā al Fawqā,,,Palestinian Territory,554-861-6013
Malanie,Belfield,mbelfielde5@mapy.cz,689 Thackeray Crossing,San José del Guaviare,,950009,Colombia,247-188-8811
Oriana,Vaughan,ovaughane6@squarespace.com,285 Bellgrove Court,Zebrzydowice,,43-410,Poland,530-953-9621
Kinny,Wharram,kwharrame7@guardian.co.uk,553 Hovde Way,Qinggou,,,China,664-261-9854
Aubrey,Stump,astumpe8@prweb.com,1290 Monica Terrace,Union,,5609,Philippines,477-371-9123
Roseann,Cunney,rcunneye9@google.com.hk,62 Lillian Park,Duang,,,Indonesia,192-177-3556
Ellynn,De Meis,edemeisea@china.com.cn,8315 Hermina Avenue,Üydzen,,,Mongolia,547-143-1813
Man,Hove,mhoveeb@taobao.com,0 Main Street,Kaolinovo,,9960,Bulgaria,604-962-0905
Drucy,Breens,dbreensec@opensource.org,93376 Pankratz Road,Tegalgede,,,Indonesia,893-910-4317
Robb,Balf,rbalfed@blogger.com,17 Summerview Circle,Kostakioí,,,Greece,102-787-2514
Farlie,Ludy,fludyee@youku.com,132 Autumn Leaf Crossing,Geshan,,,China,764-557-1554
Mandel,Sandom,msandomef@microsoft.com,2585 Warner Avenue,Krasna,,,Ukraine,372-389-7350
Stacee,Pakenham,spakenhameg@over-blog.com,3 Boyd Lane,Quintela,Viseu,3640-170,Portugal,574-119-0578
Gretal,Blethyn,gblethyneh@blogger.com,567 Rigney Road,Baoshi,,,China,618-201-1412
Blake,Pau,bpauei@51.la,46 Karstens Way,Kiszkowo,,62-280,Poland,600-571-2617
Winona,Hoys,whoysej@yahoo.co.jp,229 Service Circle,Xuchang,,,China,401-614-6445
Si,Sarjent,ssarjentek@sitemeter.com,7297 Daystar Crossing,Manoel Urbano,,69950-000,Brazil,676-810-0589
Vivianne,Kendrick,vkendrickel@blogspot.com,25108 Northview Street,Chongxian,,,China,780-778-6201
Ursuline,Kave,ukaveem@webs.com,588 Harper Drive,Plesná,,725 27,Czech Republic,145-646-3909
Tammy,Stranieri,tstranierien@thetimes.co.uk,8 Raven Circle,Tofa,,,Nigeria,798-119-4031
Chan,Rudgard,crudgardeo@berkeley.edu,1 Lakeland Point,Wum,,,Cameroon,623-894-5180
Avigdor,Stevens,astevensep@go.com,49 Declaration Drive,Sorongan,,,Indonesia,205-502-2553
Dennison,Desforges,ddesforgeseq@dmoz.org,31 Summer Ridge Plaza,Arzakan,,,Armenia,640-332-5354
Mikaela,Clemence,mclemenceer@ca.gov,44255 Darwin Park,Avelar,Leiria,3240-305,Portugal,978-976-5893
Grayce,Boraston,gborastones@ucoz.ru,551 Dahle Hill,Pentre,Wales,SY4,United Kingdom,286-428-5752
Jori,Cardoo,jcardooet@fda.gov,66540 Randy Crossing,Svilengrad,,6500,Bulgaria,182-991-2500
Tedda,Gatehouse,tgatehouseeu@usda.gov,80 Cottonwood Court,Río,,,Greece,665-549-4622
Sig,Kornas,skornasev@de.vu,7 Express Circle,Bến Tre,,,Vietnam,818-285-4793
Arnoldo,Briddle,abriddleew@people.com.cn,86 Anthes Alley,Židlochovice,,667 01,Czech Republic,682-749-1882
Con,Cromley,ccromleyex@lycos.com,334 Briar Crest Road,Trat,,46160,Thailand,317-527-2544
Melamie,Caukill,mcaukilley@themeforest.net,15979 Burrows Street,Bentar,,,Indonesia,833-894-7667
Doloritas,Jeffs,djeffsez@ning.com,7715 Arrowood Point,Fatou,,,China,794-260-9603
Webster,Folbig,wfolbigf0@patch.com,52432 Shoshone Park,Curepipe,,,Mauritius,733-805-2234
Oliviero,Leere,oleeref1@blinklist.com,3 Tennyson Junction,Pasatan,,,Indonesia,348-704-9296
Katha,Belford,kbelfordf2@vinaora.com,05 Esker Circle,Maria,,6229,Philippines,247-182-4726
Almeria,Devenish,adevenishf3@washingtonpost.com,0 Anzinger Drive,Chirpan,,6200,Bulgaria,695-707-1630
Rodi,Barthelme,rbarthelmef4@github.com,36 Lien Drive,Pinggan,,,Indonesia,811-617-9505
Tillie,Cayle,tcaylef5@skyrock.com,8 Bellgrove Terrace,Shemursha,,429174,Russia,458-122-8590
Stanton,Quigley,squigleyf6@columbia.edu,629 Manitowish Lane,Suncun,,,China,608-426-2096
Shay,Scallon,sscallonf7@geocities.com,3730 Sunnyside Point,Lorient,Bretagne,56109 CEDEX,France,603-102-8728
Haleigh,Harrod,hharrodf8@devhub.com,031 6th Court,Birzai,,41062,Lithuania,302-705-5042
Madonna,MacCurtain,mmaccurtainf9@bloglines.com,60 Laurel Circle,Dongjiahe,,,China,940-596-6880
Cy,Whitcher,cwhitcherfa@studiopress.com,6392 Graedel Alley,Yangi-Nishon Shahri,,,Uzbekistan,530-536-5108
Alida,Guerreiro,aguerreirofb@tiny.cc,84735 Artisan Way,Schroeder,,89275-000,Brazil,669-502-6510
Yetta,Godfray,ygodfrayfc@ihg.com,0498 Nevada Trail,Prado,,734528,Colombia,271-654-0654
Skippie,Flaunders,sflaundersfd@virginia.edu,362 Merry Point,København,Region Hovedstaden,1098,Denmark,537-604-7360
Annette,Poundford,apoundfordfe@csmonitor.com,626 Carpenter Lane,Ljungby,Kronoberg,341 31,Sweden,967-633-0295
Mendie,Siviour,msiviourff@netscape.com,792 Fallview Place,Rentian,,,China,463-709-5013
Patrizius,Shwenn,pshwennfg@shareasale.com,16450 Merrick Alley,‘Izrā,,,Jordan,821-813-2223
Rudolph,Nicholl,rnichollfh@ustream.tv,850 Oxford Road,Zuoxi,,,China,473-331-4656
Florinda,Radenhurst,fradenhurstfi@google.ca,3455 Service Place,Manglid,,,Indonesia,747-724-6037
Flint,Brayshay,fbrayshayfj@instagram.com,77501 Monterey Lane,Pirok,,1214,Macedonia,875-962-0290
Nissy,Raitie,nraitiefk@hatena.ne.jp,66370 Fremont Place,San Miguel de Cauri,,,Peru,692-111-1613
Thadeus,Guerin,tguerinfl@mayoclinic.com,0461 Marcy Plaza,Vaulx-en-Velin,Rhône-Alpes,69519 CEDEX,France,846-795-9062
Rubia,Killcross,rkillcrossfm@forbes.com,85175 Nancy Street,Ban Na Muang,,71150,Thailand,100-225-4218
Brion,Pursehouse,bpursehousefn@etsy.com,571 Heffernan Alley,Sukamaju,,,Indonesia,873-719-1986
Salvador,Rushbrook,srushbrookfo@dailymotion.com,768 South Court,Siguqiao,,,China,745-639-3512
Gerhardine,Rounce,grouncefp@posterous.com,77263 Anzinger Circle,Heshengbao,,,China,871-506-4662
Cahra,Veysey,cveyseyfq@baidu.com,4841 Prairieview Court,Fatumnasi,,,Indonesia,618-689-6562
Ingra,Baudet,ibaudetfr@java.com,947 Swallow Pass,Dazhigu,,,China,791-549-4471
Loren,Nicolls,lnicollsfs@fda.gov,83 Waxwing Park,San Felipe,,11005,Costa Rica,466-759-5142
Heddi,Hebbes,hhebbesft@exblog.jp,59 Schmedeman Center,Pasar Kidul,,,Indonesia,617-207-7698
Lucho,Jantel,ljantelfu@trellian.com,53078 Melvin Circle,Gujō,,501-4455,Japan,731-241-5262
Joly,Jelley,jjelleyfv@reference.com,386 Shasta Park,Banarankrajan,,,Indonesia,205-817-2219
Giordano,Hearsum,ghearsumfw@fema.gov,7285 Dawn Center,Tuojiang,,,China,550-138-5592
Sylvan,Garber,sgarberfx@ocn.ne.jp,48608 Waywood Way,Gevgelija,,1480,Macedonia,844-735-1295
Marketa,Vousden,mvousdenfy@omniture.com,22140 Lotheville Circle,Matias Olímpio,,64150-000,Brazil,564-164-9723
Karisa,Margiotta,kmargiottafz@yandex.ru,1 Brickson Park Plaza,Primorsko-Akhtarsk,,353866,Russia,136-608-6047
Isadora,Behnke,ibehnkeg0@japanpost.jp,24531 Gina Court,Barão de São Miguel,Faro,8650-005,Portugal,177-507-7659
Oriana,Laughrey,olaughreyg1@etsy.com,27634 Eggendart Crossing,Brie-Comte-Robert,Île-de-France,77254 CEDEX,France,823-179-6026
Demetri,Moatt,dmoattg2@simplemachines.org,8261 Nelson Avenue,Engenho,Porto,4620-207,Portugal,804-323-8050
Mirelle,Mullaney,mmullaneyg3@alibaba.com,5331 2nd Point,Göteborg,Västra Götaland,418 77,Sweden,790-967-7461
Drucie,Simonini,dsimoninig4@latimes.com,2 Glacier Hill Center,Laleng,,,Indonesia,629-271-0903
Jeannie,Madders,jmaddersg5@soundcloud.com,46 Prairieview Alley,Tembol,,,Indonesia,526-381-3291
Joshuah,Spall,jspallg6@indiatimes.com,1656 Tennyson Avenue,Mieszkowice,,74-505,Poland,473-349-2453
Angeline,Franzotto,afranzottog7@techcrunch.com,9830 Northview Crossing,Dongfu,,,China,713-202-5398
Franchot,Pre,fpreg8@usa.gov,2524 Ridgeway Pass,Kolape,,1106,Philippines,665-465-7484
Valentino,Daubeny,vdaubenyg9@telegraph.co.uk,9341 New Castle Center,Wiang Nuea,,39180,Thailand,139-464-6134
Mozelle,Sarre,msarrega@unblog.fr,7627 Stoughton Alley,West End,British Columbia,V7Y,Canada,237-706-0990
Christa,Tuftin,ctuftingb@feedburner.com,271 Londonderry Plaza,Tanahbeureum,,,Indonesia,545-968-4594
Tristan,Guierre,tguierregc@google.fr,64467 Oneill Drive,Baturité,,62760-000,Brazil,246-803-9741
Verney,Petrushka,vpetrushkagd@edublogs.org,5699 Jackson Terrace,Semarang,,,Indonesia,824-713-4148
Delmore,Kelsell,dkelsellge@elpais.com,0033 Caliangt Drive,Qozonketkan,,,Uzbekistan,946-207-5016
Fae,Peabody,fpeabodygf@nytimes.com,19 Farragut Park,Imulolong,,,Indonesia,598-560-6567
Killian,Collyear,kcollyeargg@army.mil,7474 South Terrace,Fonseca,,444018,Colombia,527-787-4990
Frank,Ygou,fygough@census.gov,027 Swallow Pass,Liudaogou,,,China,289-936-3077
Corbie,Steinhammer,csteinhammergi@about.me,8 Warner Alley,Yunlu,,,China,861-483-2310
Wanda,Gritland,wgritlandgj@reference.com,97496 Mendota Terrace,Yŏnggwang-ŭp,,,North Korea,380-443-0622
Marcel,Cradduck,mcradduckgk@tuttocitta.it,14 Melvin Court,Burhānuddin,,4743,Bangladesh,993-593-4596
Hebert,Sevior,hseviorgl@europa.eu,33882 Hanson Crossing,Vlasenica,,,Bosnia and Herzegovina,284-342-9570
Sosanna,Rundle,srundlegm@altervista.org,5 Blaine Trail,Shinshiro,,463-0056,Japan,387-918-8520
Bengt,Rowberry,browberrygn@com.com,058 Jenifer Drive,La Curva,,1235,Philippines,307-986-1866
Pascale,FitzGibbon,pfitzgibbongo@cbslocal.com,40972 Glacier Hill Street,Checun,,,China,358-452-5231
Gianina,Webburn,gwebburngp@soundcloud.com,89893 Warner Trail,Fuhai,,,China,507-992-2866
Boris,Adkins,badkinsgq@de.vu,34 Clyde Gallagher Point,Chonogol,,,Mongolia,871-552-1001
Margarethe,Seignior,mseigniorgr@spotify.com,68444 Jenifer Way,Ozubulu,,,Nigeria,284-444-3960
Shadow,Christaeas,schristaeasgs@vkontakte.ru,909 Schlimgen Drive,Pokrovskoye,,368043,Russia,551-926-5694
Cort,Lemin,clemingt@cocolog-nifty.com,16317 Mayer Lane,Zborovice,,768 32,Czech Republic,536-217-5169
Alleen,Carbert,acarbertgu@51.la,51 Kim Alley,Winong,,,Indonesia,889-195-0449
Arch,Tooker,atookergv@oaic.gov.au,43642 Linden Plaza,Panyingkiran,,,Indonesia,770-526-8789
Tuesday,Hrinishin,thrinishingw@yellowpages.com,03849 Rutledge Circle,Shimen,,,China,646-623-3343
Samuel,Hearley,shearleygx@mysql.com,139 Elmside Lane,Serrana,,14150-000,Brazil,267-248-8805
Rani,Koppes,rkoppesgy@blogtalkradio.com,3 Acker Circle,Hexi,,,China,950-114-0451
Bartlet,Vardy,bvardygz@patch.com,11161 Sundown Crossing,Zhongpai,,,China,350-678-4294
Morey,Sear,msearh0@wp.com,22 Little Fleur Plaza,Phan Rang-Tháp Chàm,,,Vietnam,653-678-7428
Eduardo,Willford,ewillfordh1@hostgator.com,45850 Rigney Court,Shuibian,,,China,361-168-0817
Carly,Zima,czimah2@altervista.org,9 Straubel Place,Clanwilliam,,8138,South Africa,421-142-0993
Gasper,Flament,gflamenth3@princeton.edu,2658 Eastlawn Junction,Boundiali,,,Ivory Coast,301-749-3293
Chantal,Fiddiman,cfiddimanh4@chron.com,273 Sunnyside Junction,Astromil,Porto,4585-794,Portugal,887-714-9292
Eal,Colleymore,ecolleymoreh5@google.pl,46 Sachs Circle,Liangguang,,,China,997-257-1764
Gertie,Amys,gamysh6@reference.com,2761 Talmadge Center,Obukhiv,,,Ukraine,692-473-8452
Willie,Remirez,wremirezh7@discuz.net,6 Waywood Hill,Kumanovo,,1300,Macedonia,214-563-5276
Hugh,Bachshell,hbachshellh8@alibaba.com,2200 South Pass,Maloco,,5613,Philippines,538-650-2610
Quincey,Waliszek,qwaliszekh9@virginia.edu,3 Messerschmidt Avenue,Kostyantynivka,,,Ukraine,763-188-5620
Brook,Bowling,bbowlingha@who.int,1 Hooker Parkway,Paris 06,Île-de-France,75280 CEDEX 06,France,433-884-7883
Barbette,Chatwin,bchatwinhb@quantcast.com,44781 Nelson Crossing,Lacabamba,,,Peru,250-616-8024
Frances,Jentle,fjentlehc@state.tx.us,3 Packers Plaza,Bilüü,,,Mongolia,839-120-2700
Jarib,Aspinall,jaspinallhd@yolasite.com,56809 Dennis Park,Aurora,,7020,Philippines,820-265-9804
Fae,Luxton,fluxtonhe@wikipedia.org,216 Golf Course Lane,Leigao,,,China,836-865-4959
Kahaleel,Wixey,kwixeyhf@narod.ru,4 Dawn Park,Bogoria,,28-210,Poland,480-100-9914
Amelita,Bernardy,abernardyhg@simplemachines.org,607 Bartillon Plaza,Biryulëvo Zapadnoye,,396689,Russia,182-401-3187
Meara,Dorling,mdorlinghh@mediafire.com,9746 Dakota Street,Khotsimsk,,,Belarus,429-780-3884
Ilysa,Aspray,iasprayhi@jalbum.net,865 Reindahl Circle,Rautjärvi,,56610,Finland,998-971-1200
Kelley,Jahner,kjahnerhj@mlb.com,6 Hauk Place,Aileu,,,East Timor,965-770-0253
Nicko,Fleischer,nfleischerhk@phpbb.com,991 Melrose Alley,Yamethin,,,Myanmar,753-263-0482
Giraldo,Ledrun,gledrunhl@paginegialle.it,9 Gerald Way,Zakan-Yurt,,366605,Russia,582-833-5128
Harold,Hun,hhunhm@sun.com,6 Fisk Trail,Opatówek,,62-860,Poland,152-862-4895
Cyndy,Hache,chachehn@gov.uk,2995 Dottie Street,Ampera,,,Indonesia,861-611-3580
Gerhardine,Stebbings,gstebbingsho@thetimes.co.uk,968 Loftsgordon Trail,Madalena,Ilha do Pico,9950-325,Portugal,312-464-1547
My,Limbert,mlimberthp@disqus.com,30753 Butterfield Lane,Anse à Galets,,,Haiti,108-606-0507
Roddie,Gaenor,rgaenorhq@tinyurl.com,0 Loomis Pass,Hägersten,Stockholm,126 36,Sweden,524-288-2360
Tynan,Carlaw,tcarlawhr@blinklist.com,2064 Judy Circle,Toubao,,,China,801-228-1752
Brian,Lujan,blujanhs@reuters.com,74 Huxley Alley,Arish,,,Egypt,257-413-7785
Boyce,Mc Mechan,bmcmechanht@delicious.com,51831 New Castle Junction,Sendangagung,,,Indonesia,377-927-8350
Cherida,Blakeley,cblakeleyhu@mapquest.com,33194 Northwestern Park,Changjiang,,,China,641-460-7910
Franciska,Pedroli,fpedrolihv@ibm.com,9149 Almo Pass,Singida,,,Tanzania,862-503-8870
Tedi,Gipp,tgipphw@livejournal.com,0 Heffernan Court,El Carmen,,,Peru,842-649-0387
Crystie,Kembley,ckembleyhx@paginegialle.it,05 Manufacturers Park,Cercal,Santarém,2490-105,Portugal,727-142-4120
Emilie,Ahrendsen,eahrendsenhy@npr.org,85 Golf Course Hill,Chợ Chu,,,Vietnam,494-920-5259
Lynea,Fullom,lfullomhz@nasa.gov,0225 Park Meadow Parkway,Kotabaru,,,Indonesia,948-809-4736
Nora,Colleymore,ncolleymorei0@google.com.hk,2 Sullivan Avenue,Široki Brijeg,,,Bosnia and Herzegovina,167-459-6714
Meghan,Wey,mweyi1@ox.ac.uk,163 Morrow Court,Ḩuraytān,,,Syria,556-504-7131
Christi,Sherreard,csherreardi2@vinaora.com,144 Fair Oaks Park,Limoncito,,,Bolivia,704-760-7416
Stevana,Whicher,swhicheri3@fema.gov,665 Sullivan Avenue,Navashino,,452538,Russia,644-112-8407
Freddi,Knibb,fknibbi4@wix.com,2033 Kropf Crossing,Sacotes,Lisboa,2725-511,Portugal,830-734-1773
Ella,Paszak,epaszaki5@blogs.com,36 Lakewood Crossing,Pau,Aquitaine,64004 CEDEX,France,431-486-5263
Jenny,Newart,jnewarti6@omniture.com,31 Oriole Terrace,Novyye Kuz’minki,,352812,Russia,463-826-3602
Nicolai,Grayston,ngraystoni7@yahoo.com,2 Pepper Wood Pass,Xuanhua,,,China,844-343-4777
Nowell,Collins,ncollinsi8@odnoklassniki.ru,497 Oneill Circle,Rawang,Selangor,48100,Malaysia,742-555-6962
Rutledge,Dyhouse,rdyhousei9@meetup.com,631 Stuart Alley,Bajiao,,,China,158-503-4598
Ulrika,Merriton,umerritonia@globo.com,388 Sommers Alley,Heishan,,,China,240-504-1565
Agace,Eakle,aeakleib@prlog.org,93 Hoffman Street,Tours,Centre,37205 CEDEX 3,France,877-810-3314
Almeria,Francis,afrancisic@wunderground.com,4124 Holmberg Circle,Tembisa,,1693,South Africa,916-837-2625
Robbie,Fibbings,rfibbingsid@twitpic.com,12535 Oak Valley Plaza,Anta,,,Peru,798-289-6692
Linnell,Oxteby,loxtebyie@mtv.com,46234 Garrison Drive,Hegarsari,,,Indonesia,502-383-7282
Lanie,Dowgill,ldowgillif@cocolog-nifty.com,2108 Logan Plaza,Shanglu,,,China,603-374-2814
Lorant,Gilbeart,lgilbeartig@alibaba.com,25032 Mitchell Park,Zacatecoluca,,,El Salvador,878-895-6103
Dorette,Jatczak,djatczakih@kickstarter.com,256 Ryan Pass,Cabugao,,2732,Philippines,250-175-0917
Buckie,Harrema,bharremaii@oracle.com,50 Knutson Road,Golopau,,,Indonesia,290-279-4600
Ailis,Louis,alouisij@elpais.com,65548 Westport Junction,Qilong,,,China,868-797-4815
Justinn,Pipet,jpipetik@narod.ru,7215 Swallow Street,Odrinhas,Lisboa,2705-707,Portugal,922-419-6160
Sunny,Orum,sorumil@blogs.com,09196 Delladonna Avenue,Besançon,Franche-Comté,25035 CEDEX,France,512-173-8437
Oswell,Adhams,oadhamsim@jiathis.com,9 Steensland Center,Sunnyvale,California,94089,United States,408-572-0930
Gris,Fines,gfinesin@yahoo.co.jp,76322 Kedzie Center,Vyksa,,607069,Russia,285-774-5115
Janeta,Rann,jrannio@deliciousdays.com,43164 West Trail,Mailsi,,61200,Pakistan,512-677-9634
Muhammad,McKirton,mmckirtonip@sourceforge.net,4 Washington Plaza,San Miguel,,8301,Philippines,356-509-0490
Osbourne,Brade,obradeiq@amazon.co.jp,81 Rieder Trail,Velký Újezd,,783 55,Czech Republic,594-677-7774
Lionel,Jobling,ljoblingir@eventbrite.com,412 Cottonwood Center,Tayug,,2445,Philippines,269-669-7612
Sheelagh,Gristock,sgristockis@tiny.cc,697 Talisman Point,Runjin,,,China,390-170-8215
Ambrosio,Louth,alouthit@symantec.com,927 3rd Circle,Gonghe,,,China,692-653-7611
Bruce,Zimmermanns,bzimmermannsiu@altervista.org,41 Artisan Center,Wolofeo,,,Indonesia,613-291-9492
Melantha,Dannett,mdannettiv@npr.org,185 Swallow Circle,Liliongan,,2616,Philippines,495-230-3581
Reagen,Neames,rneamesiw@phoca.cz,53855 Packers Trail,San José,,17004,Guatemala,699-830-2790
Waly,Isaacs,wisaacsix@taobao.com,40 Village Green Street,La Salud,,,Cuba,322-848-6675
Blinnie,Welch,bwelchiy@thetimes.co.uk,1192 Swallow Circle,Vila Chã,Viseu,3505-209,Portugal,962-462-9169
Titus,Griffen,tgriffeniz@smh.com.au,3 Warbler Crossing,Fontanka,,,Ukraine,801-799-3368
Paloma,Barrim,pbarrimj0@cbc.ca,14224 Orin Pass,Thị Trấn Ngan Dừa,,,Vietnam,983-946-7576
Dorie,Pavinese,dpavinesej1@dagondesign.com,02 Ohio Trail,Sonlit,,,Indonesia,788-226-5409
Caldwell,Frenzl,cfrenzlj2@list-manage.com,95 Stuart Way,Ciladaeun,,,Indonesia,438-548-3396
Yelena,Hackworthy,yhackworthyj3@xing.com,9 Nobel Place,Qindu,,,China,426-545-5349
Lizzy,Capstack,lcapstackj4@prweb.com,69 Pepper Wood Park,Rovensko pod Troskami,,512 63,Czech Republic,449-318-5185
Cristin,Yegorchenkov,cyegorchenkovj5@prnewswire.com,9245 Rigney Center,Tanda,,,Egypt,253-685-9694
Carley,Duckinfield,cduckinfieldj6@answers.com,0875 Stuart Avenue,Sendangwaru,,,Indonesia,441-361-2851
Robbin,Moles,rmolesj7@foxnews.com,34783 Walton Lane,Yeniköy,Manisa,45600,Turkey,574-155-8092
Reiko,Paulillo,rpaulilloj8@clickbank.net,8533 Nobel Center,Baracoa,,,Cuba,299-115-6551
Brandi,Antosik,bantosikj9@icio.us,55 Bayside Court,Batarasa,,5306,Philippines,556-996-6370
Wynn,Zaniolini,wzaniolinija@opera.com,65235 Northview Court,Judita,,,Jordan,228-421-1688
Wallache,Bushell,wbushelljb@biglobe.ne.jp,3 Duke Avenue,Novo Horizonte,,14960-000,Brazil,982-425-9345
Vinni,Akers,vakersjc@fema.gov,23728 Elmside Place,Kitaibaraki,,319-1559,Japan,325-794-8529
Jobey,Fraanchyonok,jfraanchyonokjd@weather.com,101 Charing Cross Junction,Skála Oropoú,,,Greece,321-196-4368
Giselle,Hallut,ghallutje@ucla.edu,1 Pennsylvania Way,Muzi,,,China,810-779-6623
Bryanty,Waddell,bwaddelljf@webeden.co.uk,8710 Caliangt Alley,Dosso,,,Niger,534-868-7963
Wanids,Dearle-Palser,wdearlepalserjg@whitehouse.gov,720 Corry Place,Rokitno,,21-504,Poland,918-241-2040
Elwira,Harbar,eharbarjh@cbc.ca,40519 Tennyson Center,Zaoshi,,,China,516-528-2298
Rutger,Wyld,rwyldji@state.gov,0 Browning Avenue,Pinheiral,Porto,4625-253,Portugal,734-785-6433
Wolfgang,Mussilli,wmussillijj@bluehost.com,7 Crownhardt Trail,Tournon-sur-Rhône,Rhône-Alpes,07309 CEDEX,France,736-885-3610
Ofilia,Craster,ocrasterjk@hao123.com,7257 Troy Street,Timur,,,Indonesia,877-381-1908
Chane,Tollet,ctolletjl@webmd.com,6777 Karstens Parkway,Tempaling,,,Indonesia,842-328-4303
Jasmin,Casillas,jcasillasjm@latimes.com,353 Johnson Avenue,Vistino,,188478,Russia,444-656-0545
Stillmann,Cansdall,scansdalljn@soundcloud.com,42 Di Loreto Park,Palaran,,,Indonesia,345-552-2897
Lind,Faivre,lfaivrejo@biglobe.ne.jp,1590 Tennyson Plaza,Cầu Gồ,,,Vietnam,293-850-5082
Tansy,Plewes,tplewesjp@hud.gov,41 Stephen Place,Mulino,,606083,Russia,835-268-3647
Ferdinande,Claricoates,fclaricoatesjq@booking.com,3707 Merry Crossing,Pandanrejokrajan,,,Indonesia,113-971-4458
Sile,Holston,sholstonjr@histats.com,3279 Cascade Street,Primošten,,22202,Croatia,341-404-1956
Brinna,Jeppensen,bjeppensenjs@bravesites.com,186 Main Road,Stari Grad,,,Serbia,408-883-3065
Carry,Elnaugh,celnaughjt@berkeley.edu,711 Thierer Trail,Krasnolesnyy,,394080,Russia,754-598-3948
Lorry,Millis,lmillisju@free.fr,8904 Hoffman Lane,Esso,,684350,Russia,246-309-0533
Cate,Guyver,cguyverjv@bing.com,13080 Morning Point,Chenzui,,,China,151-387-5974
Fanchette,Bourtoumieux,fbourtoumieuxjw@vimeo.com,5496 Bayside Road,Tres Arroyos,,6550,Argentina,699-241-1270
Merell,Hallede,mhalledejx@businessinsider.com,0 Crest Line Circle,Almafuerte,,3317,Argentina,847-360-9615
Rogers,Baelde,rbaeldejy@imgur.com,170 Melvin Parkway,Huichang,,,China,915-964-0144
Maegan,Bugg,mbuggjz@nifty.com,553 Declaration Plaza,Pelym,,624582,Russia,244-642-7855
Teddie,Skipp,tskippk0@microsoft.com,504 Merry Alley,Shiniujiang,,,China,718-780-4426
Winifred,Clarae,wclaraek1@aol.com,7497 Dapin Circle,Si Satchanalai,,64130,Thailand,918-108-2991
Marjy,Churchlow,mchurchlowk2@cargocollective.com,138 5th Center,Pasireurih,,,Indonesia,458-758-3043
Bunni,Ricold,bricoldk3@miibeian.gov.cn,715 Bartillon Place,Bangkal,,,Indonesia,801-165-0978
Leia,Youson,lyousonk4@360.cn,0279 Glacier Hill Parkway,Hudiksvall,Gävleborg,824 26,Sweden,407-642-9875
Glyn,Kenrat,gkenratk5@1688.com,51811 Colorado Alley,El Cerrito,,763528,Colombia,457-157-0720
Glenda,Pala,gpalak6@mapy.cz,698 Stone Corner Street,Vila de Rei,Castelo Branco,6110-176,Portugal,433-604-6015
Alysia,Wybrew,awybrewk7@psu.edu,8470 Duke Parkway,Wanying,,,China,994-943-0087
Tabbi,Marwood,tmarwoodk8@sourceforge.net,84427 Elgar Pass,Ariquemes,,78930-000,Brazil,909-722-8581
Worth,Sweating,wsweatingk9@webnode.com,73645 Gulseth Junction,Dabu,,,China,572-647-3022
Merrel,Darley,mdarleyka@sohu.com,775 Fieldstone Avenue,Jiannan,,,China,594-831-6067
Dominique,MacTrusty,dmactrustykb@livejournal.com,3813 Old Gate Place,Wasilków,,16-010,Poland,806-401-7938
Cedric,Prall,cprallkc@geocities.jp,7 Mallard Center,Manikchari,,7460,Bangladesh,873-259-0514
Shirl,Comino,scominokd@delicious.com,92 Ruskin Lane,Ourozinho,Viseu,3630-139,Portugal,683-531-2269
Sibyl,De Ferrari,sdeferrarike@cornell.edu,8045 Granby Place,Hamberang Sabrang,,,Indonesia,686-355-1558
Gottfried,Rosten,grostenkf@seattletimes.com,1036 Anniversary Street,Jermenovci,,,Serbia,976-844-5552
Pietra,Skirrow,pskirrowkg@lulu.com,6535 Blue Bill Park Lane,Baicheng,,,China,509-548-1609
Boot,Neighbour,bneighbourkh@sogou.com,5 New Castle Road,San Sebastian,Mexico,51950,Mexico,691-721-6382
Vanya,O'Canavan,vocanavanki@yahoo.com,785 Northridge Drive,Shibīn al Kawm,,,Egypt,546-119-7566
Fee,Finan,ffinankj@yellowbook.com,0396 Duke Way,Aguelmous,,,Morocco,551-559-3640
Sarina,Isakovitch,sisakovitchkk@sohu.com,7 Aberg Parkway,Yuecheng,,,China,280-308-9144
Skyler,Mowett,smowettkl@cnet.com,981 Helena Hill,Langxi,,,China,980-589-4138
Rachele,Boyes,rboyeskm@cdbaby.com,1708 Rieder Alley,Wenquan,,,China,225-777-9040
Darryl,Cordingley,dcordingleykn@slashdot.org,41140 Columbus Hill,Puma,,,Tanzania,500-854-5470
Octavius,Salkeld,osalkeldko@hao123.com,8005 Elmside Crossing,Maasin,,6600,Philippines,290-700-9183
Calypso,Frangello,cfrangellokp@berkeley.edu,22329 Pawling Crossing,Malaga,Andalucia,29015,Spain,602-411-9615
Eada,Self,eselfkq@mtv.com,968 Holy Cross Drive,Qorveh,,,Iran,148-417-8031
Fernande,Sprowles,fsprowleskr@narod.ru,411 Michigan Avenue,Kalmar,Kalmar,392 41,Sweden,597-798-6130
Gene,Naismith,gnaismithks@phoca.cz,9 John Wall Crossing,Birmingham,Alabama,35290,United States,205-461-2888
Beverly,Iron,bironkt@w3.org,6 Thackeray Hill,Negararatu,,,Indonesia,138-961-6953
Carolyn,Darlaston,cdarlastonku@si.edu,0 Glendale Alley,Cipicung,,,Indonesia,578-908-8932
Whitaker,Jeanel,wjeanelkv@dagondesign.com,330 Linden Place,Carpina,,55810-000,Brazil,830-384-2285
Rosalie,Mordaunt,rmordauntkw@multiply.com,1832 Continental Road,Neiba,,11102,Dominican Republic,770-433-2125
Chen,O'Neil,coneilkx@mapy.cz,8 Scoville Pass,San Martín Zapotitlán,,11006,Guatemala,654-184-8889
Winna,Bunnell,wbunnellky@surveymonkey.com,1912 Boyd Road,Palermo,,412008,Colombia,420-763-5522
Ingemar,Eland,ielandkz@google.com,5823 Gateway Lane,Muye,,,China,827-755-7313
Town,Roussel,troussell0@wp.com,681 Hansons Avenue,Kalino,,618245,Russia,707-677-7424
Melva,Huckster,mhucksterl1@cnbc.com,8 Carey Parkway,Flores da Cunha,,95270-000,Brazil,741-978-7917
Ximenes,Pigrome,xpigromel2@wisc.edu,22035 Longview Lane,Sahline,,,Tunisia,271-179-6417
Luigi,Giral,lgirall3@spiegel.de,20819 Melody Drive,Ribeira das Taínhas,Ilha de São Miguel,9680-505,Portugal,793-194-9989
Ahmed,Partner,apartnerl4@clickbank.net,8 Esker Avenue,Vrede,,9850,South Africa,436-666-2421
Rozanne,Cardiff,rcardiffl5@nasa.gov,2137 Messerschmidt Road,Al Ya‘rubīyah,,,Syria,423-191-0640
Cathryn,Tink,ctinkl6@si.edu,697 Grasskamp Crossing,Rędziny,,42-242,Poland,619-786-2435
Gabi,Bernadot,gbernadotl7@unc.edu,29875 Chive Parkway,Chenggan,,,China,536-667-8879
Masha,Strettell,mstrettelll8@ft.com,62 Calypso Place,城郊,,,China,549-682-9797
Fee,McEnery,fmceneryl9@nationalgeographic.com,983 Prairie Rose Trail,Shahkot,,39630,Pakistan,116-406-1009
Crista,Attewell,cattewellla@opensource.org,25583 1st Way,Gweru,,,Zimbabwe,706-928-6445
Teresa,Weatherhill,tweatherhilllb@mayoclinic.com,871 Hansons Plaza,Limoges,Limousin,87030 CEDEX 1,France,486-649-0510
Maureen,Jurgensen,mjurgensenlc@rakuten.co.jp,9 Harper Center,Haizhouwobao,,,China,117-771-4263
Mattie,Tesche,mtescheld@networkadvertising.org,8830 Ruskin Lane,Batasan,,9401,Philippines,269-273-2510
Ben,Leasor,bleasorle@issuu.com,6380 Hauk Drive,Zhouhe,,,China,181-105-2671
Elmo,Brabyn,ebrabynlf@sciencedirect.com,5824 Maryland Drive,Kontiolahti,,81101,Finland,982-254-1954
Amandy,Lowres,alowreslg@engadget.com,16097 Dexter Center,Korotych,,,Ukraine,640-447-8451
Janey,Crock,jcrocklh@latimes.com,99747 Sommers Crossing,Honda,,732048,Colombia,466-157-1642
Granny,Baldinotti,gbaldinottili@google.it,02487 Hanover Plaza,Kushelevka,,658381,Russia,192-562-5089
Alix,Stanfield,astanfieldlj@epa.gov,7 Park Meadow Plaza,Oslo,Oslo,0280,Norway,759-875-6467
Glynis,Enticott,genticottlk@amazonaws.com,841 Kensington Terrace,Port Louis,,,Mauritius,320-436-0597
Lawry,Logue,lloguell@blinklist.com,13595 Kedzie Place,Chixi,,,China,706-455-3379
Cornall,Ellerton,cellertonlm@kickstarter.com,5 Tennyson Junction,Graz,Steiermark,8047,Austria,329-506-1281
Corabelle,Grishagin,cgrishaginln@bloglines.com,3 Nobel Terrace,Krajan Jabungcandi,,,Indonesia,173-938-6677
Matti,Govey,mgoveylo@utexas.edu,93626 Vidon Alley,Deqing,,,China,517-685-3163
Burk,Grzeskowski,bgrzeskowskilp@alexa.com,38 Bunker Hill Park,Sunjia,,,China,172-857-2802
Elaine,Baggot,ebaggotlq@umn.edu,8 Gateway Circle,San Jose,California,95108,United States,408-998-3229
Averil,Tindley,atindleylr@mysql.com,97 Troy Hill,Yūki,,323-0805,Japan,195-281-8993
Babb,Kelberman,bkelbermanls@g.co,489 Village Court,Wojcieszków,,21-411,Poland,925-923-0983
Jobie,Prettyman,jprettymanlt@spiegel.de,713 Gina Plaza,Boshi,,,China,678-308-9596
Tamas,Bellany,tbellanylu@springer.com,219 Evergreen Park,Mertert,,L-6693,Luxembourg,647-429-5929
Emily,Kinsman,ekinsmanlv@photobucket.com,4 Waubesa Place,Brejo Santo,,63260-000,Brazil,464-401-2719
Ezmeralda,Bonass,ebonasslw@princeton.edu,31 Independence Point,Gora,,,Nigeria,398-555-5586
Hill,Got,hgotlx@timesonline.co.uk,9 Victoria Avenue,Arauco,,,Chile,681-568-6049
Devonne,Belfelt,dbelfeltly@shop-pro.jp,97510 Marcy Park,Yuanqian,,,China,530-944-8280
Erek,Chatfield,echatfieldlz@vistaprint.com,45 Glendale Circle,Rimpakgede,,,Indonesia,586-584-2316
Standford,De Fries,sdefriesm0@wiley.com,889 Beilfuss Center,Quibdó,,270009,Colombia,122-254-5773
Frasco,Thirkettle,fthirkettlem1@google.cn,6 Hayes Way,Sundbyberg,Stockholm,172 29,Sweden,420-274-3853
Lynnette,Estoile,lestoilem2@slashdot.org,114 Lindbergh Point,San Juan Bautista,,,Venezuela,761-566-4845
Hally,Ickovic,hickovicm3@buzzfeed.com,5946 Merrick Terrace,Tyukalinsk,,646334,Russia,493-339-4843
Kienan,Ghiotto,kghiottom4@irs.gov,1936 2nd Crossing,Shuitai,,,China,641-788-9929
Leicester,Scamel,lscamelm5@merriam-webster.com,93258 Blaine Court,Parrsboro,Nova Scotia,L2A,Canada,397-380-3407
Ranice,Hulks,rhulksm6@youku.com,9376 Fairfield Hill,Kuwayris Sharqī,,,Syria,831-935-2552
Maurise,Harling,mharlingm7@state.gov,26060 Manley Crossing,Hellevoetsluis,Provincie Zuid-Holland,3224,Netherlands,948-189-0470
Smith,Milton-White,smiltonwhitem8@gmpg.org,706 Independence Lane,Tékane,,,Mauritania,629-826-1035
Richard,Doone,rdoonem9@youtu.be,552 Laurel Center,Xiaocun,,,China,406-753-1755
Hamilton,Rolse,hrolsema@reuters.com,7 Vernon Way,Shibli,,,Israel,500-575-0196
Prentice,Bog,pbogmb@wordpress.org,0349 Loftsgordon Point,Tidaholm,Västra Götaland,522 24,Sweden,839-744-6606
Natalie,Mundie,nmundiemc@wunderground.com,7165 Tomscot Lane,Ambulong,,5615,Philippines,593-283-5348
Farrand,Clawsley,fclawsleymd@bbb.org,892 Melvin Plaza,Buin,,,Chile,844-699-2410
Adiana,Hawtin,ahawtinme@msn.com,6529 Spenser Place,Laidian,,,China,450-839-7134
Gweneth,Freeborn,gfreebornmf@mozilla.org,6 Heffernan Road,Bovec,,5230,Slovenia,205-697-4845
Sheffy,Ambrosini,sambrosinimg@mozilla.com,7670 Larry Trail,Ciodeng,,,Indonesia,804-471-6700
Geordie,Mutch,gmutchmh@hp.com,873 Del Sol Trail,Xialaxiu,,,China,457-264-1880
Bary,Muscat,bmuscatmi@multiply.com,2 6th Hill,Guimbal,,5022,Philippines,682-219-3484
Gregoire,Dyers,gdyersmj@usgs.gov,5 Mosinee Street,Chusovoy,,618206,Russia,678-157-1090
Lyn,Sustin,lsustinmk@github.io,56 Lukken Parkway,Vaitogi,,96799,American Samoa,598-190-4120
King,Rambaut,krambautml@gov.uk,17 Dixon Plaza,Beiquan,,,China,870-464-8981
Simonette,Simonnet,ssimonnetmm@zimbio.com,8 Montana Circle,Dahu,,,Indonesia,873-286-5141
Winnah,Bene,wbenemn@gnu.org,5503 Independence Lane,Luotaping,,,China,710-258-4427
Else,Matantsev,ematantsevmo@digg.com,72579 Ridgeview Drive,Ongi,,,Mongolia,558-831-1588
Hernando,Zimek,hzimekmp@php.net,2 Old Gate Hill,Póvoa de Santo António,Viseu,3525-254,Portugal,699-219-9295
Alastair,Turneaux,aturneauxmq@reuters.com,7480 Corben Pass,Telde,Canarias,35213,Spain,930-358-8144
Halley,Tonbye,htonbyemr@wired.com,84201 Cody Center,Yambio,,,South Sudan,473-613-8820
Polly,Dunlea,pdunleams@ft.com,40 Scott Pass,Benito Juarez,Coahuila De Zaragoza,27443,Mexico,408-202-6050
Germaine,Lorking,glorkingmt@posterous.com,6 Cascade Way,Neklyudovo,,606470,Russia,540-897-1507
Darby,Seers,dseersmu@microsoft.com,2693 Colorado Parkway,Karakul’,,,Uzbekistan,631-116-6985
Rosie,Starbucke,rstarbuckemv@com.com,6407 Parkside Court,Guoyuan,,,China,534-992-3355
Nadiya,Larive,nlarivemw@icio.us,438 Brentwood Crossing,Belogorsk,,676859,Russia,871-606-1709
Annabella,Martino,amartinomx@theatlantic.com,1 Gale Pass,Yanai,,742-0021,Japan,316-459-5221
Blondell,Penning,bpenningmy@soundcloud.com,1 Nova Alley,Huaccana,,,Peru,957-844-2153
Michelle,Camerati,mcameratimz@cnet.com,1645 Meadow Ridge Way,Gulariyā,,,Nepal,698-754-3759
Killie,Neggrini,kneggrinin0@ezinearticles.com,2379 Buena Vista Circle,Simuay,,6815,Philippines,871-416-0506
Reinwald,Lyle,rlylen1@wufoo.com,1 Killdeer Hill,Triánta,,,Greece,206-128-9100
Diane,Pursehouse,dpursehousen2@goodreads.com,16308 American Drive,Bayang,,,China,568-203-4364
Joeann,Salzburg,jsalzburgn3@fema.gov,5010 Summer Ridge Road,Banjaranyar,,,Indonesia,468-616-0678
Glen,Filipic,gfilipicn4@si.edu,4 Becker Terrace,Ouzini,,,Comoros,779-417-6106
Thoma,Dilger,tdilgern5@shareasale.com,06 Mandrake Parkway,Novokhovrino,,141707,Russia,496-869-6414
Boone,Lemme,blemmen6@nsw.gov.au,83 Farragut Center,Saijō,,793-0213,Japan,214-227-0682
Bruce,Haacker,bhaackern7@state.tx.us,73 Old Gate Crossing,Goragorskiy,,366818,Russia,644-948-9631
Hillary,Chamberlain,hchamberlainn8@cbslocal.com,8320 Washington Circle,Utabi,,3508,Philippines,778-788-7074
Herculie,Whissell,hwhisselln9@cocolog-nifty.com,7669 Vera Road,Ciulu,,,Indonesia,697-538-4727
Wilfrid,Garmons,wgarmonsna@yandex.ru,686 Kedzie Point,Ngora,,,Uganda,500-173-3491
Bari,Driussi,bdriussinb@over-blog.com,2570 Darwin Park,Varser,,,Armenia,782-859-6117
Michele,Telega,mteleganc@ftc.gov,8 School Park,Penghua,,,China,658-641-2349
Viv,Cardinale,vcardinalend@google.es,9751 Fulton Road,Gewanē,,,Ethiopia,184-858-9541
Tammie,Dibble,tdibblene@mapy.cz,3 Tony Plaza,Xilai,,,China,565-482-6153
Paulie,Qusklay,pqusklaynf@house.gov,1529 Dunning Drive,Pejibaye,,11907,Costa Rica,725-138-9412
Kissee,Edsell,kedsellng@wikimedia.org,14 Knutson Road,Maca,,,Peru,813-997-6888
Benson,Broek,bbroeknh@tumblr.com,398 Northland Drive,Wangsi,,,China,383-657-8891
Christabella,Antonomoli,cantonomolini@yale.edu,74499 Aberg Trail,Xishan,,,China,637-663-9173
Jada,Harlowe,jharlowenj@elpais.com,206 Center Point,Oullins,Rhône-Alpes,69924 CEDEX,France,323-409-9688
Zelda,Wickman,zwickmannk@freewebs.com,08 Lotheville Trail,Tianmen,,,China,251-756-8021
Larissa,Freddi,lfreddinl@ifeng.com,44 Lindbergh Crossing,Crossfield,Alberta,B0N,Canada,468-536-0599
Kate,Dewfall,kdewfallnm@bizjournals.com,59 Sachs Center,Kampungbajo,,,Indonesia,692-273-7313
Zandra,Farnes,zfarnesnn@npr.org,21150 Susan Terrace,Vilar do Pinheiro,Porto,4485-824,Portugal,356-424-3338
Norah,Donavan,ndonavanno@craigslist.org,79 Kedzie Terrace,Irving,Texas,75062,United States,972-153-4546
Westbrook,Jakov,wjakovnp@eepurl.com,8 Kennedy Lane,Hauhena,,,Indonesia,784-461-9173
Danielle,Roddick,droddicknq@infoseek.co.jp,913 Hauk Way,Marka,,,Somalia,695-579-9379
Rosemaria,Taig,rtaignr@berkeley.edu,372 Dixon Street,Wujiaying,,,China,589-609-6092
Berty,Shakelady,bshakeladyns@patch.com,07 Memorial Terrace,Nueva Manoa,,,Bolivia,892-445-0384
Trent,Martyntsev,tmartyntsevnt@bloglines.com,113 Waubesa Avenue,Vallegrande,,,Bolivia,364-859-3373
Holden,Kiddle,hkiddlenu@bloomberg.com,26 Annamark Terrace,Villa Mercedes,,5461,Argentina,274-137-6983
Dani,Fawssett,dfawssettnv@cmu.edu,44032 Hazelcrest Point,Novoukrayinka,,,Ukraine,306-651-8351
Rafaellle,Feasley,rfeasleynw@ow.ly,21283 Sugar Road,Chalaco,,,Peru,731-806-3443
Leontyne,Drewes,ldrewesnx@is.gd,6 Portage Road,Asamankese,,,Ghana,688-309-8478
Caterina,Landa,clandany@prweb.com,86 Clove Trail,Argenteuil,Île-de-France,95109 CEDEX,France,219-161-0250
Ronica,Tubbles,rtubblesnz@state.gov,278 Elka Trail,Xinji,,,China,796-787-7430
Dido,Westfield,dwestfieldo0@cnbc.com,492 Rieder Center,Kokopo,,,Papua New Guinea,644-524-9989
Netty,Wendover,nwendovero1@wiley.com,92336 Roth Terrace,Rizó,,,Greece,822-158-1524
Becca,Cardinale,bcardinaleo2@rediff.com,92248 Brentwood Park,Al Jubayhah,,,Jordan,784-398-1190
Melisandra,Kerswill,mkerswillo3@forbes.com,2 Lunder Trail,Runović,,21261,Croatia,950-593-9470
Lorraine,Pfaff,lpfaffo4@nih.gov,05 Del Sol Drive,Temirgoyevskaya,,352403,Russia,662-339-0070
Auguste,Bernlin,abernlino5@theguardian.com,82 Prairieview Park,Kuttu,,,Micronesia,185-369-8677
Artair,Enterlein,aenterleino6@sogou.com,471 Glacier Hill Way,Gornji Breg,,,Serbia,954-688-1482
Bobina,Plumbe,bplumbeo7@alexa.com,48 Truax Junction,Limoncito,,,Bolivia,403-686-3116
Lida,Batterton,lbattertono8@cornell.edu,24 Dakota Court,Rio Grande,,96200-000,Brazil,534-854-7964
Miguelita,Yanin,myanino9@google.com,87 Linden Crossing,Tân Hòa,,,Vietnam,259-519-2014
Janith,Dymock,jdymockoa@netlog.com,8361 Calypso Road,Desa Borogojol,,,Indonesia,187-222-5146
Benita,Gorini,bgoriniob@myspace.com,3885 Mesta Way,Roche Terre,,,Mauritius,167-211-0419
Wilone,Kenan,wkenanoc@sfgate.com,61361 Elka Hill,Christiana,,2680,South Africa,296-565-3966
Aldridge,Weatherhead,aweatherheadod@narod.ru,147 Merchant Court,Douarnenez,Bretagne,29174 CEDEX,France,966-780-7242
Coletta,Bohlmann,cbohlmannoe@google.com.au,3517 Lerdahl Place,Capandanan,,2445,Philippines,999-321-1910
Fred,Callingham,fcallinghamof@people.com.cn,078 Delladonna Crossing,La Cruz,,4655,Argentina,596-602-4266
Elisabet,Pruce,epruceog@about.me,56 Annamark Road,Soacha,,250058,Colombia,140-741-8479
Jackson,Jakov,jjakovoh@reuters.com,976 Schiller Road,Mazra‘at Bayt Jinn,,,Syria,510-765-1079
Laurie,Lackington,llackingtonoi@tripod.com,67250 Hudson Place,Lushikeng,,,China,792-590-4965
Dmitri,Packington,dpackingtonoj@hubpages.com,2690 Crowley Circle,Dapaong,,,Togo,105-904-7180
Reggie,Jansson,rjanssonok@disqus.com,09652 Daystar Junction,Houston,Texas,77288,United States,713-210-1873
Winny,Itzcovich,witzcovichol@domainmarket.com,6 Katie Crossing,Kovači,,,Bosnia and Herzegovina,627-669-3799
Annmarie,Skeeles,askeelesom@epa.gov,27956 Gateway Lane,Ingersoll,Ontario,N5C,Canada,149-643-6661
Philbert,Igonet,pigoneton@ycombinator.com,16365 Debra Point,Gaojiazhuang,,,China,656-116-4320
Camey,Hyder,chyderoo@deviantart.com,7248 Cherokee Trail,Chabany,,,Ukraine,758-459-2486
Babette,Bernetti,bbernettiop@gov.uk,7 Dovetail Center,Datong,,,China,315-995-8040
Siward,Wisedale,swisedaleoq@cbslocal.com,49 Riverside Road,Barreiros,Porto,4615-492,Portugal,848-580-7875
Jsandye,Dobrowski,jdobrowskior@ucsd.edu,590 Canary Court,Donggaohuang,,,China,719-375-4747
Ringo,Leibold,rleiboldos@wikispaces.com,78739 Derek Circle,Kouango,,,Central African Republic,696-355-2993
Lemar,Melville,lmelvilleot@google.co.jp,7865 Dexter Junction,De la Paz,,6337,Philippines,223-707-3840
Gar,Phillipson,gphillipsonou@elpais.com,9 Scott Hill,Azul,,7300,Argentina,281-924-0382
Tommie,Hunnam,thunnamov@alexa.com,730 Shoshone Drive,Shuangxiqiao,,,China,428-561-8848
Linus,Wilcockes,lwilcockesow@sitemeter.com,8277 Lakewood Gardens Center,Dłutów,,95-081,Poland,408-788-7877
Finley,Screase,fscreaseox@scientificamerican.com,13 Straubel Point,Oslo,Oslo,0581,Norway,777-972-7523
Bernard,Drage,bdrageoy@51.la,9675 Quincy Lane,Mengmeng,,,China,993-602-9682
Zollie,Shipsey,zshipseyoz@paginegialle.it,05140 Riverside Court,Kanshi,,,China,919-592-1439
Candida,Gherardesci,cgherardescip0@is.gd,6 Waywood Road,Le Mans,Pays de la Loire,72052 CEDEX 2,France,605-753-7974
Rhianna,Joyes,rjoyesp1@jimdo.com,31 Thierer Way,Sandviken,Gävleborg,811 40,Sweden,193-856-1790
Conan,Meert,cmeertp2@nationalgeographic.com,15694 Cambridge Pass,Stavyshche,,,Ukraine,940-987-7607
Antonetta,Coggen,acoggenp3@nasa.gov,83 Fallview Plaza,Moshenskoye,,174450,Russia,349-649-9588
Clarinda,Ortet,cortetp4@bizjournals.com,0 Lakewood Way,Tertek,,,Indonesia,745-553-6398
Cathie,Belford,cbelfordp5@dedecms.com,86 Logan Hill,Andahuaylas,,,Peru,933-882-7858
Bernardina,Fransemai,bfransemaip6@theatlantic.com,80 Longview Plaza,Zhengguo,,,China,202-594-0452
Dayle,Paula,dpaulap7@smugmug.com,085 Monument Terrace,Yartsevo,,215807,Russia,699-483-4182
Michelle,Mazillius,mmazilliusp8@amazon.de,162 Eastlawn Way,Sorongan,,,Indonesia,457-875-7454
Helli,Frede,hfredep9@google.com.hk,07 Leroy Plaza,Qingyang,,,China,493-963-9538
Sula,Okill,sokillpa@quantcast.com,26 Gina Street,Wates,,,Indonesia,900-690-8235
Giles,Manz,gmanzpb@vimeo.com,673 Carberry Circle,Tōno,,326-0036,Japan,202-246-3080
Erena,Ranyell,eranyellpc@newyorker.com,9133 Fieldstone Pass,Sokol,,682574,Russia,703-686-1280
Laird,Maryott,lmaryottpd@bizjournals.com,71969 Farmco Trail,Panggulan,,,Indonesia,684-688-2231
Meriel,Danielou,mdanieloupe@google.it,3 Nancy Way,Dawuhan,,,Indonesia,832-147-8279
Abbe,Basillon,abasillonpf@webmd.com,367 Roxbury Plaza,Balitoc,,1111,Philippines,674-760-3356
Peta,Duckels,pduckelspg@hibu.com,9 Becker Terrace,Lešná,,756 41,Czech Republic,816-901-8247
Donelle,Turbitt,dturbittph@sohu.com,553 Rusk Terrace,Staré Křečany,,407 61,Czech Republic,221-366-7102
Kelvin,Tremeer,ktremeerpi@google.it,8 Garrison Avenue,Dongfeng,,,China,210-524-1533
Stevie,Bellfield,sbellfieldpj@unc.edu,90555 Moulton Way,Xiaolukou,,,China,522-446-5384
Valeria,Herrero,vherreropk@army.mil,33 Delaware Crossing,Whittier,California,90610,United States,562-425-8248
Dino,Wastling,dwastlingpl@smh.com.au,9418 Towne Way,Chenghe,,,China,707-866-6914
Lynna,Shallow,lshallowpm@ox.ac.uk,97 Arrowood Junction,Ljubno ob Savinji,,3333,Slovenia,843-274-4064
Mohammed,Geaney,mgeaneypn@devhub.com,86765 Caliangt Junction,Tukhlya,,,Ukraine,557-712-8761
Carson,Eltone,celtonepo@chronoengine.com,391 Luster Circle,Guangli,,,China,578-747-9378
Cyndy,Goodhand,cgoodhandpp@networkadvertising.org,5 Cordelia Drive,Lajeosa do Mondego,Guarda,6360-496,Portugal,974-802-5217
Ardella,Sheaf,asheafpq@liveinternet.ru,16014 Walton Parkway,Maesan,,,Indonesia,313-412-0007
Florina,Wooder,fwooderpr@buzzfeed.com,2 Vernon Center,Noisy-le-Grand,Île-de-France,93883 CEDEX,France,375-441-6270
Bobine,Hendrickson,bhendricksonps@blogs.com,1 Southridge Lane,Toulouse,Midi-Pyrénées,31039 CEDEX 9,France,642-286-5441
Gar,Dugood,gdugoodpt@tinyurl.com,530 Chive Alley,Shuigou,,,China,134-373-6307
Elsinore,Venny,evennypu@geocities.jp,4892 Fulton Park,Dengfang,,,China,237-469-7268
Megen,Derobert,mderobertpv@indiatimes.com,8 Columbus Trail,Donnybrook,,D04,Ireland,138-521-2408
Imogen,MacBrearty,imacbreartypw@mashable.com,90 5th Avenue,Balgarevo,,9660,Bulgaria,371-219-8963
Lucinda,Sevior,lseviorpx@buzzfeed.com,6 Stuart Circle,El Carmen,,3190,Argentina,119-352-3454
Vilhelmina,Minet,vminetpy@sina.com.cn,3 Canary Place,Oemanu,,,Indonesia,926-864-2309
Ashlin,Ferns,afernspz@miitbeian.gov.cn,210 Basil Drive,Binafun,,,Indonesia,747-775-4418
Hans,Searl,hsearlq0@marketwatch.com,4 Schlimgen Terrace,Ovalle,,,Chile,239-720-8310
Oralla,Rowbury,orowburyq1@flickr.com,973 Arapahoe Point,Boroon,,9201,Philippines,503-590-9968
Ryann,Casier,rcasierq2@rediff.com,23970 Homewood Street,Kesheng,,,China,732-441-8522
Lucais,Harring,lharringq3@howstuffworks.com,73193 Mallory Street,Long Beach,California,90805,United States,310-530-4608
Wilek,Cockett,wcockettq4@cbc.ca,02 Bartelt Lane,Karagach,,361023,Russia,291-650-6939
Maddie,Braikenridge,mbraikenridgeq5@nps.gov,57388 New Castle Terrace,Dinggou,,,China,752-851-1825
Patty,La Wille,plawilleq6@dyndns.org,79 Stang Court,Jiangcun,,,China,780-463-6579
Wolfie,Godlee,wgodleeq7@chronoengine.com,4845 Eagan Hill,Huangfang,,,China,731-391-8197
Nevin,Beecroft,nbeecroftq8@admin.ch,81229 Graceland Street,Obispos,,,Venezuela,530-736-8141
Rosanna,Brooksbank,rbrooksbankq9@bluehost.com,298 Welch Parkway,Owen Sound,Ontario,N4K,Canada,304-114-4042
Thacher,Drain,tdrainqa@mysql.com,4 Debs Terrace,Fengting,,,China,300-996-2944
Carolee,Morteo,cmorteoqb@naver.com,0978 Bluestem Road,Inhambane,,,Mozambique,763-110-4970
Janela,Kintish,jkintishqc@unicef.org,987 Portage Park,Pule,,,Indonesia,983-767-6786
Jaime,Clews,jclewsqd@elpais.com,5271 Express Place,Hanbin,,,China,443-559-8317
Deeann,Janaszewski,djanaszewskiqe@netvibes.com,734 Sauthoff Junction,Graz,Steiermark,8042,Austria,598-201-0203
Ellery,Wilsone,ewilsoneqf@wunderground.com,29956 Summerview Alley,Cibiru,,,Indonesia,816-771-4657
Janina,Brech,jbrechqg@psu.edu,0 Orin Pass,Gelemso,,,Ethiopia,721-124-6768
Melinda,Cussins,mcussinsqh@noaa.gov,3 Cardinal Drive,Iraquara,,46980-000,Brazil,774-933-0510
Alyse,O'Leary,aolearyqi@sun.com,40 Eastwood Avenue,Jinsha,,,China,804-751-3321
Stillmann,Draijer,sdraijerqj@si.edu,1782 Sycamore Way,Lārkāna,,77381,Pakistan,449-133-2111
Benedict,Bagg,bbaggqk@jimdo.com,433 Westerfield Avenue,Iraquara,,46980-000,Brazil,424-980-6404
Marjorie,Crauford,mcraufordql@gravatar.com,582 Hoepker Road,Sungaikakap,,,Indonesia,521-241-2362
Tommy,Pinnere,tpinnereqm@cdbaby.com,65 Everett Plaza,Pingxi,,,China,550-339-7317
Lawrence,Heims,lheimsqn@liveinternet.ru,24 Manley Terrace,Huntsville,Alabama,35815,United States,256-714-1316
Wally,Paullin,wpaullinqo@blinklist.com,2 Browning Circle,Paris 09,Île-de-France,75318 CEDEX 09,France,304-863-0407
Maure,Jeskin,mjeskinqp@auda.org.au,43735 Holmberg Crossing,Sanxixiang,,,China,847-873-1293
Archibaldo,Btham,abthamqq@symantec.com,24923 Hooker Parkway,Shaxi,,,China,117-457-0681
Kennedy,Muncaster,kmuncasterqr@jiathis.com,7 Carioca Way,Itacoatiara,,69100-000,Brazil,755-662-8635
Nerta,Christou,nchristouqs@free.fr,70 Sutteridge Road,Lipci,,,Montenegro,636-357-9484
Regan,Melloi,rmelloiqt@craigslist.org,73475 Chive Pass,Ciwaru,,,Indonesia,328-458-0552
Yancy,McCalum,ymccalumqu@free.fr,7 Melody Hill,Margate,,4281,South Africa,780-340-9140
Karalee,Hutchence,khutchenceqv@taobao.com,7078 Kim Hill,Codrington,,,Antigua and Barbuda,855-127-2172
Frederico,Tyt,ftytqw@paginegialle.it,6 Orin Way,Santiago de María,,,El Salvador,777-891-0030
Zorana,Elverston,zelverstonqx@ucla.edu,361 Magdeline Junction,Yitulihe,,,China,259-659-5249
Saloma,Jerrans,sjerransqy@opera.com,555 Carpenter Center,Broska,,,Ukraine,548-784-9879
Ruddie,Wilmore,rwilmoreqz@tinypic.com,879 Clarendon Park,Sebeta,,,Ethiopia,116-625-8143
Fancie,Fullilove,ffullilover0@dot.gov,2795 Milwaukee Pass,Santa Cruz,Ilha da Madeira,9100-153,Portugal,518-818-6073
Rosalia,Elia,reliar1@ucsd.edu,6182 Bartelt Court,Balyaga,,673020,Russia,987-722-9459
Mohammed,Kunath,mkunathr2@mediafire.com,36 Lakewood Gardens Trail,Shipu,,,China,285-178-0732
Peirce,Winning,pwinningr3@fastcompany.com,547 School Way,Pianling,,,China,366-338-0629
Giffer,Pottell,gpottellr4@t-online.de,09 Oriole Street,Tây Ninh,,,Vietnam,486-659-3219
Kassi,Caplan,kcaplanr5@ebay.com,011 Fordem Trail,Guarenas,,,Venezuela,746-935-7553
Marysa,Girardini,mgirardinir6@furl.net,2930 Scoville Place,Pidhaytsi,,,Ukraine,109-769-8178
Ronnie,Preston,rprestonr7@mozilla.org,0 Dottie Place,Al Mazra‘ah,,,Syria,445-998-3463
Hestia,Claypole,hclaypoler8@symantec.com,05584 Memorial Lane,Montréal-Ouest,Québec,H5B,Canada,581-260-7256
Duane,Leil,dleilr9@si.edu,2 Hoard Way,Salamanca,,6313,Philippines,557-207-7245
Alissa,Pollack,apollackra@sitemeter.com,779 Huxley Point,Caramuca,,,Venezuela,969-344-5205
Garrard,Offa,goffarb@wikia.com,09 Pawling Junction,Mianay,,5805,Philippines,892-240-3468
Dolli,Bark,dbarkrc@eventbrite.com,624 Fieldstone Lane,Bothaville,,9663,South Africa,453-736-1875
Selestina,Vane,svanerd@hc360.com,36 Waywood Terrace,Buenlag,,2424,Philippines,252-739-4413
Khalil,Chesters,kchestersre@blogtalkradio.com,3 Eagle Crest Drive,Runjin,,,China,734-729-5367
Antonin,Briztman,abriztmanrf@de.vu,761 Dixon Pass,Kil’mez’,,613570,Russia,238-891-2810
Niles,Kidsley,nkidsleyrg@hatena.ne.jp,49 Rowland Parkway,Nangka,,,Indonesia,344-846-4832
Lizzie,Hayle,lhaylerh@xinhuanet.com,59002 Superior Trail,Maebashi-shi,,379-2166,Japan,735-607-3414
Regan,Nyles,rnylesri@nih.gov,31137 Moose Terrace,Lidun,,,China,772-597-6173
Darrell,Bathurst,dbathurstrj@nasa.gov,062 Westport Trail,Tsuyama,,708-1124,Japan,501-416-0801
Nikolas,Fontenot,nfontenotrk@livejournal.com,92 Melvin Crossing,Bissorã,,,Guinea-Bissau,493-821-0927
Hogan,Manners,hmannersrl@oracle.com,39 Bultman Terrace,Gijon,Asturias,33204,Spain,338-151-3496
Madalyn,Easthope,measthoperm@europa.eu,38761 Fisk Trail,Miguel Hidalgo,Guerrero,39120,Mexico,594-850-7970
Deck,Alday,daldayrn@phoca.cz,2296 Marcy Crossing,Arco de Baúlhe,Braga,4860-045,Portugal,163-989-2112
Darren,O' Hern,dohernro@tiny.cc,5503 Brown Way,Verona,Veneto,37142,Italy,617-764-9303
Mignon,Kyles,mkylesrp@chron.com,59937 Susan Place,Kalininskiy,,646626,Russia,877-944-9594
Morry,Hargrove,mhargroverq@skype.com,69 Memorial Terrace,Saijō,,793-0213,Japan,557-597-4619
Zacherie,Chad,zchadrr@yellowbook.com,36621 Becker Hill,Sukorambi,,,Indonesia,966-148-6221
